Date;Year;Month;Day;Clients;Holiday;Vacation;Closed_restaurants
2019-01-01;2019;January;Tuesday;82;True;False;0
2019-01-02;2019;January;Wednesday;0;False;True;0
2019-01-03;2019;January;Thursday;0;False;True;0
2019-01-04;2019;January;Friday;0;False;True;0
2019-01-05;2019;January;Saturday;0;False;True;0
2019-01-06;2019;January;Sunday;0;True;True;0
2019-01-07;2019;January;Monday;0;False;True;0
2019-01-08;2019;January;Tuesday;0;False;True;0
2019-01-09;2019;January;Wednesday;0;False;True;0
2019-01-10;2019;January;Thursday;0;False;True;0
2019-01-11;2019;January;Friday;114;False;False;3
2019-01-12;2019;January;Saturday;204;False;False;3
2019-01-13;2019;January;Sunday;205;False;False;3
2019-01-14;2019;January;Monday;0;False;True;3
2019-01-15;2019;January;Tuesday;0;False;True;3
2019-01-16;2019;January;Wednesday;50;False;False;3
2019-01-17;2019;January;Thursday;53;False;False;3
2019-01-18;2019;January;Friday;99;False;False;3
2019-01-19;2019;January;Saturday;192;False;False;3
2019-01-20;2019;January;Sunday;198;False;False;3
2019-01-21;2019;January;Monday;0;False;True;4
2019-01-22;2019;January;Tuesday;0;False;True;4
2019-01-23;2019;January;Wednesday;53;False;False;4
2019-01-24;2019;January;Thursday;30;False;False;4
2019-01-25;2019;January;Friday;103;False;False;4
2019-01-26;2019;January;Saturday;187;False;False;4
2019-01-27;2019;January;Sunday;212;False;False;4
2019-01-28;2019;January;Monday;0;False;True;0
2019-01-29;2019;January;Tuesday;0;False;True;0
2019-01-30;2019;January;Wednesday;39;False;False;0
2019-01-31;2019;January;Thursday;51;False;False;0
2019-02-01;2019;February;Friday;78;False;False;0
2019-02-02;2019;February;Saturday;199;False;False;0
2019-02-03;2019;February;Sunday;192;False;False;0
2019-02-04;2019;February;Monday;0;False;True;0
2019-02-05;2019;February;Tuesday;0;False;True;0
2019-02-06;2019;February;Wednesday;30;False;False;0
2019-02-07;2019;February;Thursday;39;False;False;0
2019-02-08;2019;February;Friday;99;False;False;0
2019-02-09;2019;February;Saturday;208;False;False;0
2019-02-10;2019;February;Sunday;185;False;False;0
2019-02-11;2019;February;Monday;0;False;True;0
2019-02-12;2019;February;Tuesday;0;False;True;0
2019-02-13;2019;February;Wednesday;47;False;False;0
2019-02-14;2019;February;Thursday;140;True;False;0
2019-02-15;2019;February;Friday;118;False;False;0
2019-02-16;2019;February;Saturday;187;False;False;0
2019-02-17;2019;February;Sunday;207;False;False;0
2019-02-18;2019;February;Monday;0;False;True;0
2019-02-19;2019;February;Tuesday;0;False;True;0
2019-02-20;2019;February;Wednesday;47;False;False;0
2019-02-21;2019;February;Thursday;54;False;False;0
2019-02-22;2019;February;Friday;94;False;False;0
2019-02-23;2019;February;Saturday;194;False;False;0
2019-02-24;2019;February;Sunday;182;False;False;0
2019-02-25;2019;February;Monday;0;False;True;0
2019-02-26;2019;February;Tuesday;0;False;True;0
2019-02-27;2019;February;Wednesday;55;False;False;0
2019-02-28;2019;February;Thursday;43;False;False;0
2019-03-01;2019;March;Friday;87;False;False;0
2019-03-02;2019;March;Saturday;193;False;False;0
2019-03-03;2019;March;Sunday;220;False;False;0
2019-03-04;2019;March;Monday;0;False;True;0
2019-03-05;2019;March;Tuesday;0;False;True;0
2019-03-06;2019;March;Wednesday;47;False;False;0
2019-03-07;2019;March;Thursday;59;False;False;0
2019-03-08;2019;March;Friday;83;True;False;0
2019-03-09;2019;March;Saturday;187;False;False;0
2019-03-10;2019;March;Sunday;190;False;False;0
2019-03-11;2019;March;Monday;0;False;True;0
2019-03-12;2019;March;Tuesday;0;False;True;0
2019-03-13;2019;March;Wednesday;48;False;False;0
2019-03-14;2019;March;Thursday;53;False;False;0
2019-03-15;2019;March;Friday;85;False;False;0
2019-03-16;2019;March;Saturday;219;False;False;0
2019-03-17;2019;March;Sunday;193;False;False;0
2019-03-18;2019;March;Monday;0;False;True;0
2019-03-19;2019;March;Tuesday;0;False;True;0
2019-03-20;2019;March;Wednesday;31;False;False;0
2019-03-21;2019;March;Thursday;39;False;False;0
2019-03-22;2019;March;Friday;78;False;False;0
2019-03-23;2019;March;Saturday;213;False;False;0
2019-03-24;2019;March;Sunday;210;False;False;0
2019-03-25;2019;March;Monday;0;False;True;0
2019-03-26;2019;March;Tuesday;0;False;True;0
2019-03-27;2019;March;Wednesday;43;False;False;0
2019-03-28;2019;March;Thursday;46;False;False;0
2019-03-29;2019;March;Friday;71;False;False;0
2019-03-30;2019;March;Saturday;183;False;False;0
2019-03-31;2019;March;Sunday;208;False;False;0
2019-04-01;2019;April;Monday;0;False;True;0
2019-04-02;2019;April;Tuesday;0;False;True;0
2019-04-03;2019;April;Wednesday;44;False;False;0
2019-04-04;2019;April;Thursday;40;False;False;0
2019-04-05;2019;April;Friday;70;False;False;0
2019-04-06;2019;April;Saturday;197;False;False;0
2019-04-07;2019;April;Sunday;192;False;False;0
2019-04-08;2019;April;Monday;0;False;True;0
2019-04-09;2019;April;Tuesday;0;False;True;0
2019-04-10;2019;April;Wednesday;35;False;False;0
2019-04-11;2019;April;Thursday;46;False;False;0
2019-04-12;2019;April;Friday;82;False;False;0
2019-04-13;2019;April;Saturday;205;False;False;0
2019-04-14;2019;April;Sunday;209;False;False;0
2019-04-15;2019;April;Monday;0;False;True;0
2019-04-16;2019;April;Tuesday;0;False;True;0
2019-04-17;2019;April;Wednesday;47;False;False;0
2019-04-18;2019;April;Thursday;54;False;False;0
2019-04-19;2019;April;Friday;74;False;False;0
2019-04-20;2019;April;Saturday;202;False;False;0
2019-04-21;2019;April;Sunday;170;True;False;0
2019-04-22;2019;April;Monday;153;True;False;0
2019-04-23;2019;April;Tuesday;0;False;True;0
2019-04-24;2019;April;Wednesday;47;False;False;0
2019-04-25;2019;April;Thursday;96;True;False;0
2019-04-26;2019;April;Friday;89;False;False;0
2019-04-27;2019;April;Saturday;185;False;False;0
2019-04-28;2019;April;Sunday;206;False;False;0
2019-04-29;2019;April;Monday;0;False;True;0
2019-04-30;2019;April;Tuesday;0;False;True;0
2019-05-01;2019;May;Wednesday;111;True;False;0
2019-05-02;2019;May;Thursday;38;False;False;0
2019-05-03;2019;May;Friday;76;False;False;0
2019-05-04;2019;May;Saturday;192;False;False;0
2019-05-05;2019;May;Sunday;199;False;False;0
2019-05-06;2019;May;Monday;0;False;True;0
2019-05-07;2019;May;Tuesday;0;False;True;0
2019-05-08;2019;May;Wednesday;48;False;False;0
2019-05-09;2019;May;Thursday;34;False;False;0
2019-05-10;2019;May;Friday;117;False;False;0
2019-05-11;2019;May;Saturday;198;False;False;0
2019-05-12;2019;May;Sunday;182;False;False;0
2019-05-13;2019;May;Monday;0;False;True;0
2019-05-14;2019;May;Tuesday;0;False;True;0
2019-05-15;2019;May;Wednesday;41;False;False;0
2019-05-16;2019;May;Thursday;35;False;False;0
2019-05-17;2019;May;Friday;96;False;False;0
2019-05-18;2019;May;Saturday;180;False;False;0
2019-05-19;2019;May;Sunday;213;False;False;0
2019-05-20;2019;May;Monday;0;False;True;0
2019-05-21;2019;May;Tuesday;0;False;True;0
2019-05-22;2019;May;Wednesday;32;False;False;0
2019-05-23;2019;May;Thursday;38;False;False;0
2019-05-24;2019;May;Friday;98;False;False;0
2019-05-25;2019;May;Saturday;185;False;False;0
2019-05-26;2019;May;Sunday;211;False;False;0
2019-05-27;2019;May;Monday;0;False;True;0
2019-05-28;2019;May;Tuesday;0;False;True;0
2019-05-29;2019;May;Wednesday;57;False;False;0
2019-05-30;2019;May;Thursday;60;False;False;0
2019-05-31;2019;May;Friday;98;False;False;0
2019-06-01;2019;June;Saturday;189;False;False;0
2019-06-02;2019;June;Sunday;193;True;False;0
2019-06-03;2019;June;Monday;0;False;True;0
2019-06-04;2019;June;Tuesday;0;False;True;0
2019-06-05;2019;June;Wednesday;0;False;True;0
2019-06-06;2019;June;Thursday;0;False;True;0
2019-06-07;2019;June;Friday;115;False;False;0
2019-06-08;2019;June;Saturday;195;False;False;0
2019-06-09;2019;June;Sunday;193;False;False;0
2019-06-10;2019;June;Monday;0;False;True;0
2019-06-11;2019;June;Tuesday;0;False;True;0
2019-06-12;2019;June;Wednesday;72;False;False;0
2019-06-13;2019;June;Thursday;56;False;False;0
2019-06-14;2019;June;Friday;127;False;False;0
2019-06-15;2019;June;Saturday;206;False;False;0
2019-06-16;2019;June;Sunday;180;False;False;0
2019-06-17;2019;June;Monday;0;False;True;0
2019-06-18;2019;June;Tuesday;0;False;True;0
2019-06-19;2019;June;Wednesday;80;False;False;0
2019-06-20;2019;June;Thursday;54;False;False;0
2019-06-21;2019;June;Friday;99;False;False;0
2019-06-22;2019;June;Saturday;222;False;False;0
2019-06-23;2019;June;Sunday;198;False;False;0
2019-06-24;2019;June;Monday;0;False;True;0
2019-06-25;2019;June;Tuesday;0;False;True;0
2019-06-26;2019;June;Wednesday;52;False;False;0
2019-06-27;2019;June;Thursday;64;False;False;0
2019-06-28;2019;June;Friday;118;False;False;0
2019-06-29;2019;June;Saturday;212;False;False;0
2019-06-30;2019;June;Sunday;180;False;False;0
2019-07-01;2019;July;Monday;0;False;True;0
2019-07-02;2019;July;Tuesday;0;False;True;0
2019-07-03;2019;July;Wednesday;66;False;False;0
2019-07-04;2019;July;Thursday;77;False;False;0
2019-07-05;2019;July;Friday;138;False;False;0
2019-07-06;2019;July;Saturday;237;False;False;0
2019-07-07;2019;July;Sunday;200;False;False;0
2019-07-08;2019;July;Monday;0;False;True;0
2019-07-09;2019;July;Tuesday;0;False;True;0
2019-07-10;2019;July;Wednesday;64;False;False;0
2019-07-11;2019;July;Thursday;60;False;False;0
2019-07-12;2019;July;Friday;107;False;False;0
2019-07-13;2019;July;Saturday;222;False;False;0
2019-07-14;2019;July;Sunday;232;False;False;0
2019-07-15;2019;July;Monday;0;False;True;0
2019-07-16;2019;July;Tuesday;0;False;True;0
2019-07-17;2019;July;Wednesday;76;False;False;0
2019-07-18;2019;July;Thursday;69;False;False;0
2019-07-19;2019;July;Friday;113;False;False;0
2019-07-20;2019;July;Saturday;224;False;False;0
2019-07-21;2019;July;Sunday;207;False;False;0
2019-07-22;2019;July;Monday;0;False;True;0
2019-07-23;2019;July;Tuesday;0;False;True;0
2019-07-24;2019;July;Wednesday;83;False;False;0
2019-07-25;2019;July;Thursday;73;False;False;0
2019-07-26;2019;July;Friday;109;False;False;0
2019-07-27;2019;July;Saturday;217;False;False;0
2019-07-28;2019;July;Sunday;209;False;False;0
2019-07-29;2019;July;Monday;0;False;True;0
2019-07-30;2019;July;Tuesday;0;False;True;0
2019-07-31;2019;July;Wednesday;84;False;False;0
2019-08-01;2019;August;Thursday;78;False;False;0
2019-08-02;2019;August;Friday;120;False;False;0
2019-08-03;2019;August;Saturday;241;False;False;0
2019-08-04;2019;August;Sunday;228;False;False;0
2019-08-05;2019;August;Monday;0;False;True;0
2019-08-06;2019;August;Tuesday;0;False;True;0
2019-08-07;2019;August;Wednesday;73;False;False;0
2019-08-08;2019;August;Thursday;68;False;False;0
2019-08-09;2019;August;Friday;149;False;False;0
2019-08-10;2019;August;Saturday;215;False;False;0
2019-08-11;2019;August;Sunday;260;False;False;0
2019-08-12;2019;August;Monday;0;False;True;0
2019-08-13;2019;August;Tuesday;0;False;True;0
2019-08-14;2019;August;Wednesday;97;False;False;0
2019-08-15;2019;August;Thursday;168;True;False;0
2019-08-16;2019;August;Friday;125;False;False;0
2019-08-17;2019;August;Saturday;269;False;False;0
2019-08-18;2019;August;Sunday;243;False;False;0
2019-08-19;2019;August;Monday;0;False;True;4
2019-08-20;2019;August;Tuesday;0;False;True;4
2019-08-21;2019;August;Wednesday;77;False;False;4
2019-08-22;2019;August;Thursday;78;False;False;4
2019-08-23;2019;August;Friday;121;False;False;4
2019-08-24;2019;August;Saturday;258;False;False;4
2019-08-25;2019;August;Sunday;246;False;False;4
2019-08-26;2019;August;Monday;0;False;True;4
2019-08-27;2019;August;Tuesday;0;False;True;4
2019-08-28;2019;August;Wednesday;74;False;False;4
2019-08-29;2019;August;Thursday;87;False;False;4
2019-08-30;2019;August;Friday;111;False;False;4
2019-08-31;2019;August;Saturday;249;False;False;4
2019-09-01;2019;September;Sunday;206;False;False;0
2019-09-02;2019;September;Monday;0;False;True;0
2019-09-03;2019;September;Tuesday;0;False;True;0
2019-09-04;2019;September;Wednesday;40;False;False;0
2019-09-05;2019;September;Thursday;42;False;False;0
2019-09-06;2019;September;Friday;78;False;False;0
2019-09-07;2019;September;Saturday;182;False;False;0
2019-09-08;2019;September;Sunday;220;False;False;0
2019-09-09;2019;September;Monday;0;False;True;0
2019-09-10;2019;September;Tuesday;0;False;True;0
2019-09-11;2019;September;Wednesday;45;False;False;0
2019-09-12;2019;September;Thursday;43;False;False;0
2019-09-13;2019;September;Friday;72;False;False;0
2019-09-14;2019;September;Saturday;192;False;False;0
2019-09-15;2019;September;Sunday;199;False;False;0
2019-09-16;2019;September;Monday;0;False;True;0
2019-09-17;2019;September;Tuesday;0;False;True;0
2019-09-18;2019;September;Wednesday;42;False;False;0
2019-09-19;2019;September;Thursday;59;False;False;0
2019-09-20;2019;September;Friday;92;False;False;0
2019-09-21;2019;September;Saturday;181;False;False;0
2019-09-22;2019;September;Sunday;211;False;False;0
2019-09-23;2019;September;Monday;0;False;True;0
2019-09-24;2019;September;Tuesday;0;False;True;0
2019-09-25;2019;September;Wednesday;54;False;False;0
2019-09-26;2019;September;Thursday;35;False;False;0
2019-09-27;2019;September;Friday;92;False;False;0
2019-09-28;2019;September;Saturday;202;False;False;0
2019-09-29;2019;September;Sunday;181;False;False;0
2019-09-30;2019;September;Monday;0;False;True;0
2019-10-01;2019;October;Tuesday;0;False;True;0
2019-10-02;2019;October;Wednesday;38;False;False;0
2019-10-03;2019;October;Thursday;31;False;False;0
2019-10-04;2019;October;Friday;95;False;False;0
2019-10-05;2019;October;Saturday;213;False;False;0
2019-10-06;2019;October;Sunday;183;False;False;0
2019-10-07;2019;October;Monday;0;False;True;0
2019-10-08;2019;October;Tuesday;0;False;True;0
2019-10-09;2019;October;Wednesday;60;False;False;0
2019-10-10;2019;October;Thursday;36;False;False;0
2019-10-11;2019;October;Friday;77;False;False;0
2019-10-12;2019;October;Saturday;201;False;False;0
2019-10-13;2019;October;Sunday;207;False;False;0
2019-10-14;2019;October;Monday;0;False;True;0
2019-10-15;2019;October;Tuesday;0;False;True;0
2019-10-16;2019;October;Wednesday;30;False;False;0
2019-10-17;2019;October;Thursday;30;False;False;0
2019-10-18;2019;October;Friday;99;False;False;0
2019-10-19;2019;October;Saturday;205;False;False;0
2019-10-20;2019;October;Sunday;210;False;False;0
2019-10-21;2019;October;Monday;0;False;True;0
2019-10-22;2019;October;Tuesday;0;False;True;0
2019-10-23;2019;October;Wednesday;38;False;False;0
2019-10-24;2019;October;Thursday;38;False;False;0
2019-10-25;2019;October;Friday;97;False;False;0
2019-10-26;2019;October;Saturday;185;False;False;0
2019-10-27;2019;October;Sunday;189;False;False;0
2019-10-28;2019;October;Monday;0;False;True;0
2019-10-29;2019;October;Tuesday;0;False;True;0
2019-10-30;2019;October;Wednesday;43;False;False;0
2019-10-31;2019;October;Thursday;60;False;False;0
2019-11-01;2019;November;Friday;132;True;False;0
2019-11-02;2019;November;Saturday;218;False;False;0
2019-11-03;2019;November;Sunday;198;False;False;0
2019-11-04;2019;November;Monday;0;False;True;0
2019-11-05;2019;November;Tuesday;0;False;True;0
2019-11-06;2019;November;Wednesday;38;False;False;0
2019-11-07;2019;November;Thursday;57;False;False;0
2019-11-08;2019;November;Friday;99;False;False;0
2019-11-09;2019;November;Saturday;188;False;False;0
2019-11-10;2019;November;Sunday;204;False;False;0
2019-11-11;2019;November;Monday;0;False;True;0
2019-11-12;2019;November;Tuesday;0;False;True;0
2019-11-13;2019;November;Wednesday;47;False;False;0
2019-11-14;2019;November;Thursday;58;False;False;0
2019-11-15;2019;November;Friday;120;False;False;0
2019-11-16;2019;November;Saturday;193;False;False;0
2019-11-17;2019;November;Sunday;183;False;False;0
2019-11-18;2019;November;Monday;0;False;True;0
2019-11-19;2019;November;Tuesday;0;False;True;0
2019-11-20;2019;November;Wednesday;51;False;False;0
2019-11-21;2019;November;Thursday;59;False;False;0
2019-11-22;2019;November;Friday;75;False;False;0
2019-11-23;2019;November;Saturday;188;False;False;0
2019-11-24;2019;November;Sunday;191;False;False;0
2019-11-25;2019;November;Monday;0;False;True;0
2019-11-26;2019;November;Tuesday;0;False;True;0
2019-11-27;2019;November;Wednesday;38;False;False;0
2019-11-28;2019;November;Thursday;46;False;False;0
2019-11-29;2019;November;Friday;71;False;False;0
2019-11-30;2019;November;Saturday;189;False;False;0
2019-12-01;2019;December;Sunday;227;False;False;0
2019-12-02;2019;December;Monday;0;False;True;0
2019-12-03;2019;December;Tuesday;0;False;True;0
2019-12-04;2019;December;Wednesday;87;False;False;0
2019-12-05;2019;December;Thursday;96;False;False;0
2019-12-06;2019;December;Friday;133;False;False;0
2019-12-07;2019;December;Saturday;219;False;False;0
2019-12-08;2019;December;Sunday;216;True;False;0
2019-12-09;2019;December;Monday;0;False;True;0
2019-12-10;2019;December;Tuesday;0;False;True;0
2019-12-11;2019;December;Wednesday;99;False;False;0
2019-12-12;2019;December;Thursday;83;False;False;0
2019-12-13;2019;December;Friday;136;False;False;0
2019-12-14;2019;December;Saturday;248;False;False;0
2019-12-15;2019;December;Sunday;215;False;False;0
2019-12-16;2019;December;Monday;0;False;True;0
2019-12-17;2019;December;Tuesday;0;False;True;0
2019-12-18;2019;December;Wednesday;69;False;False;0
2019-12-19;2019;December;Thursday;71;False;False;0
2019-12-20;2019;December;Friday;132;False;False;0
2019-12-21;2019;December;Saturday;253;False;False;0
2019-12-22;2019;December;Sunday;221;False;False;0
2019-12-23;2019;December;Monday;0;False;True;0
2019-12-24;2019;December;Tuesday;159;True;False;0
2019-12-25;2019;December;Wednesday;168;True;False;0
2019-12-26;2019;December;Thursday;151;True;False;0
2019-12-27;2019;December;Friday;132;False;False;0
2019-12-28;2019;December;Saturday;213;False;False;0
2019-12-29;2019;December;Sunday;266;False;False;0
2019-12-30;2019;December;Monday;0;False;True;0
2019-12-31;2019;December;Tuesday;197;True;False;0
2020-01-01;2020;January;Wednesday;85;True;False;0
2020-01-02;2020;January;Thursday;0;False;True;0
2020-01-03;2020;January;Friday;0;False;True;0
2020-01-04;2020;January;Saturday;0;False;True;0
2020-01-05;2020;January;Sunday;0;False;True;0
2020-01-06;2020;January;Monday;0;True;True;0
2020-01-07;2020;January;Tuesday;0;False;True;0
2020-01-08;2020;January;Wednesday;0;False;True;0
2020-01-09;2020;January;Thursday;0;False;True;0
2020-01-10;2020;January;Friday;100;False;False;0
2020-01-11;2020;January;Saturday;193;False;False;0
2020-01-12;2020;January;Sunday;187;False;False;0
2020-01-13;2020;January;Monday;0;False;True;3
2020-01-14;2020;January;Tuesday;0;False;True;3
2020-01-15;2020;January;Wednesday;39;False;False;3
2020-01-16;2020;January;Thursday;59;False;False;3
2020-01-17;2020;January;Friday;92;False;False;3
2020-01-18;2020;January;Saturday;208;False;False;3
2020-01-19;2020;January;Sunday;209;False;False;3
2020-01-20;2020;January;Monday;0;False;True;4
2020-01-21;2020;January;Tuesday;0;False;True;4
2020-01-22;2020;January;Wednesday;57;False;False;4
2020-01-23;2020;January;Thursday;47;False;False;4
2020-01-24;2020;January;Friday;89;False;False;4
2020-01-25;2020;January;Saturday;208;False;False;4
2020-01-26;2020;January;Sunday;186;False;False;4
2020-01-27;2020;January;Monday;0;False;True;0
2020-01-28;2020;January;Tuesday;0;False;True;0
2020-01-29;2020;January;Wednesday;51;False;False;0
2020-01-30;2020;January;Thursday;32;False;False;0
2020-01-31;2020;January;Friday;119;False;False;0
2020-02-01;2020;February;Saturday;190;False;False;0
2020-02-02;2020;February;Sunday;204;False;False;0
2020-02-03;2020;February;Monday;0;False;True;0
2020-02-04;2020;February;Tuesday;0;False;True;0
2020-02-05;2020;February;Wednesday;46;False;False;0
2020-02-06;2020;February;Thursday;59;False;False;0
2020-02-07;2020;February;Friday;84;False;False;0
2020-02-08;2020;February;Saturday;215;False;False;0
2020-02-09;2020;February;Sunday;181;False;False;0
2020-02-10;2020;February;Monday;0;False;True;0
2020-02-11;2020;February;Tuesday;0;False;True;0
2020-02-12;2020;February;Wednesday;56;False;False;0
2020-02-13;2020;February;Thursday;44;False;False;0
2020-02-14;2020;February;Friday;143;True;False;0
2020-02-15;2020;February;Saturday;208;False;False;0
2020-02-16;2020;February;Sunday;214;False;False;0
2020-02-17;2020;February;Monday;0;False;True;0
2020-02-18;2020;February;Tuesday;0;False;True;0
2020-02-19;2020;February;Wednesday;36;False;False;0
2020-02-20;2020;February;Thursday;50;False;False;0
2020-02-21;2020;February;Friday;94;False;False;0
2020-02-22;2020;February;Saturday;193;False;False;0
2020-02-23;2020;February;Sunday;184;False;False;0
2020-02-24;2020;February;Monday;0;False;True;0
2020-02-25;2020;February;Tuesday;0;False;True;0
2020-02-26;2020;February;Wednesday;30;False;False;0
2020-02-27;2020;February;Thursday;41;False;False;0
2020-02-28;2020;February;Friday;89;False;False;0
2020-02-29;2020;February;Saturday;203;False;False;0
2020-03-01;2020;March;Sunday;219;False;False;0
2020-03-02;2020;March;Monday;0;False;True;0
2020-03-03;2020;March;Tuesday;0;False;True;0
2020-03-04;2020;March;Wednesday;39;False;False;0
2020-03-05;2020;March;Thursday;33;False;False;0
2020-03-06;2020;March;Friday;92;False;False;0
2020-03-07;2020;March;Saturday;219;False;False;0
2020-03-08;2020;March;Sunday;190;True;False;0
2020-03-09;2020;March;Monday;0;False;True;0
2020-03-10;2020;March;Tuesday;0;False;True;0
2020-03-11;2020;March;Wednesday;44;False;False;0
2020-03-12;2020;March;Thursday;39;False;False;0
2020-03-13;2020;March;Friday;83;False;False;0
2020-03-14;2020;March;Saturday;197;False;False;0
2020-03-15;2020;March;Sunday;220;False;False;0
2020-03-16;2020;March;Monday;0;False;True;0
2020-03-17;2020;March;Tuesday;0;False;True;0
2020-03-18;2020;March;Wednesday;35;False;False;0
2020-03-19;2020;March;Thursday;40;False;False;0
2020-03-20;2020;March;Friday;79;False;False;0
2020-03-21;2020;March;Saturday;187;False;False;0
2020-03-22;2020;March;Sunday;205;False;False;0
2020-03-23;2020;March;Monday;0;False;True;0
2020-03-24;2020;March;Tuesday;0;False;True;0
2020-03-25;2020;March;Wednesday;45;False;False;0
2020-03-26;2020;March;Thursday;30;False;False;0
2020-03-27;2020;March;Friday;107;False;False;0
2020-03-28;2020;March;Saturday;192;False;False;0
2020-03-29;2020;March;Sunday;197;False;False;0
2020-03-30;2020;March;Monday;0;False;True;0
2020-03-31;2020;March;Tuesday;0;False;True;0
2020-04-01;2020;April;Wednesday;52;False;False;0
2020-04-02;2020;April;Thursday;31;False;False;0
2020-04-03;2020;April;Friday;98;False;False;0
2020-04-04;2020;April;Saturday;189;False;False;0
2020-04-05;2020;April;Sunday;209;False;False;0
2020-04-06;2020;April;Monday;0;False;True;0
2020-04-07;2020;April;Tuesday;0;False;True;0
2020-04-08;2020;April;Wednesday;36;False;False;0
2020-04-09;2020;April;Thursday;55;False;False;0
2020-04-10;2020;April;Friday;102;False;False;0
2020-04-11;2020;April;Saturday;201;False;False;0
2020-04-12;2020;April;Sunday;169;True;False;0
2020-04-13;2020;April;Monday;151;True;False;0
2020-04-14;2020;April;Tuesday;0;False;True;0
2020-04-15;2020;April;Wednesday;52;False;False;0
2020-04-16;2020;April;Thursday;36;False;False;0
2020-04-17;2020;April;Friday;104;False;False;0
2020-04-18;2020;April;Saturday;193;False;False;0
2020-04-19;2020;April;Sunday;182;False;False;0
2020-04-20;2020;April;Monday;0;False;True;0
2020-04-21;2020;April;Tuesday;0;False;True;0
2020-04-22;2020;April;Wednesday;47;False;False;0
2020-04-23;2020;April;Thursday;36;False;False;0
2020-04-24;2020;April;Friday;102;False;False;0
2020-04-25;2020;April;Saturday;188;True;False;0
2020-04-26;2020;April;Sunday;182;False;False;0
2020-04-27;2020;April;Monday;0;False;True;0
2020-04-28;2020;April;Tuesday;0;False;True;0
2020-04-29;2020;April;Wednesday;48;False;False;0
2020-04-30;2020;April;Thursday;46;False;False;0
2020-05-01;2020;May;Friday;149;True;False;0
2020-05-02;2020;May;Saturday;180;False;False;0
2020-05-03;2020;May;Sunday;181;False;False;0
2020-05-04;2020;May;Monday;0;False;True;0
2020-05-05;2020;May;Tuesday;0;False;True;0
2020-05-06;2020;May;Wednesday;55;False;False;0
2020-05-07;2020;May;Thursday;30;False;False;0
2020-05-08;2020;May;Friday;82;False;False;0
2020-05-09;2020;May;Saturday;191;False;False;0
2020-05-10;2020;May;Sunday;188;False;False;0
2020-05-11;2020;May;Monday;0;False;True;0
2020-05-12;2020;May;Tuesday;0;False;True;0
2020-05-13;2020;May;Wednesday;55;False;False;0
2020-05-14;2020;May;Thursday;59;False;False;0
2020-05-15;2020;May;Friday;120;False;False;0
2020-05-16;2020;May;Saturday;206;False;False;0
2020-05-17;2020;May;Sunday;196;False;False;0
2020-05-18;2020;May;Monday;0;False;True;0
2020-05-19;2020;May;Tuesday;0;False;True;0
2020-05-20;2020;May;Wednesday;41;False;False;0
2020-05-21;2020;May;Thursday;57;False;False;0
2020-05-22;2020;May;Friday;118;False;False;0
2020-05-23;2020;May;Saturday;220;False;False;0
2020-05-24;2020;May;Sunday;219;False;False;0
2020-05-25;2020;May;Monday;0;False;True;0
2020-05-26;2020;May;Tuesday;0;False;True;0
2020-05-27;2020;May;Wednesday;31;False;False;0
2020-05-28;2020;May;Thursday;37;False;False;0
2020-05-29;2020;May;Friday;83;False;False;0
2020-05-30;2020;May;Saturday;212;False;False;0
2020-05-31;2020;May;Sunday;193;False;False;0
2020-06-01;2020;June;Monday;0;False;True;0
2020-06-02;2020;June;Tuesday;84;True;False;0
2020-06-03;2020;June;Wednesday;63;False;False;0
2020-06-04;2020;June;Thursday;73;False;False;0
2020-06-05;2020;June;Friday;118;False;False;0
2020-06-06;2020;June;Saturday;203;False;False;0
2020-06-07;2020;June;Sunday;201;False;False;0
2020-06-08;2020;June;Monday;0;False;True;0
2020-06-09;2020;June;Tuesday;0;False;True;0
2020-06-10;2020;June;Wednesday;0;False;True;0
2020-06-11;2020;June;Thursday;0;False;True;0
2020-06-12;2020;June;Friday;122;False;False;0
2020-06-13;2020;June;Saturday;204;False;False;0
2020-06-14;2020;June;Sunday;201;False;False;0
2020-06-15;2020;June;Monday;0;False;True;0
2020-06-16;2020;June;Tuesday;0;False;True;0
2020-06-17;2020;June;Wednesday;59;False;False;0
2020-06-18;2020;June;Thursday;55;False;False;0
2020-06-19;2020;June;Friday;98;False;False;0
2020-06-20;2020;June;Saturday;181;False;False;0
2020-06-21;2020;June;Sunday;217;False;False;0
2020-06-22;2020;June;Monday;0;False;True;0
2020-06-23;2020;June;Tuesday;0;False;True;0
2020-06-24;2020;June;Wednesday;70;False;False;0
2020-06-25;2020;June;Thursday;53;False;False;0
2020-06-26;2020;June;Friday;117;False;False;0
2020-06-27;2020;June;Saturday;184;False;False;0
2020-06-28;2020;June;Sunday;224;False;False;0
2020-06-29;2020;June;Monday;0;False;True;0
2020-06-30;2020;June;Tuesday;0;False;True;0
2020-07-01;2020;July;Wednesday;70;False;False;0
2020-07-02;2020;July;Thursday;82;False;False;0
2020-07-03;2020;July;Friday;120;False;False;0
2020-07-04;2020;July;Saturday;211;False;False;0
2020-07-05;2020;July;Sunday;235;False;False;0
2020-07-06;2020;July;Monday;0;False;True;0
2020-07-07;2020;July;Tuesday;0;False;True;0
2020-07-08;2020;July;Wednesday;76;False;False;0
2020-07-09;2020;July;Thursday;74;False;False;0
2020-07-10;2020;July;Friday;123;False;False;0
2020-07-11;2020;July;Saturday;247;False;False;0
2020-07-12;2020;July;Sunday;210;False;False;0
2020-07-13;2020;July;Monday;0;False;True;0
2020-07-14;2020;July;Tuesday;0;False;True;0
2020-07-15;2020;July;Wednesday;77;False;False;0
2020-07-16;2020;July;Thursday;84;False;False;0
2020-07-17;2020;July;Friday;117;False;False;0
2020-07-18;2020;July;Saturday;238;False;False;0
2020-07-19;2020;July;Sunday;209;False;False;0
2020-07-20;2020;July;Monday;0;False;True;0
2020-07-21;2020;July;Tuesday;0;False;True;0
2020-07-22;2020;July;Wednesday;88;False;False;0
2020-07-23;2020;July;Thursday;82;False;False;0
2020-07-24;2020;July;Friday;116;False;False;0
2020-07-25;2020;July;Saturday;218;False;False;0
2020-07-26;2020;July;Sunday;234;False;False;0
2020-07-27;2020;July;Monday;0;False;True;0
2020-07-28;2020;July;Tuesday;0;False;True;0
2020-07-29;2020;July;Wednesday;83;False;False;0
2020-07-30;2020;July;Thursday;62;False;False;0
2020-07-31;2020;July;Friday;112;False;False;0
2020-08-01;2020;August;Saturday;225;False;False;0
2020-08-02;2020;August;Sunday;222;False;False;0
2020-08-03;2020;August;Monday;0;False;True;0
2020-08-04;2020;August;Tuesday;0;False;True;0
2020-08-05;2020;August;Wednesday;96;False;False;0
2020-08-06;2020;August;Thursday;97;False;False;0
2020-08-07;2020;August;Friday;134;False;False;0
2020-08-08;2020;August;Saturday;246;False;False;0
2020-08-09;2020;August;Sunday;227;False;False;0
2020-08-10;2020;August;Monday;0;False;True;0
2020-08-11;2020;August;Tuesday;0;False;True;0
2020-08-12;2020;August;Wednesday;88;False;False;0
2020-08-13;2020;August;Thursday;81;False;False;0
2020-08-14;2020;August;Friday;138;False;False;0
2020-08-15;2020;August;Saturday;170;True;False;0
2020-08-16;2020;August;Sunday;256;False;False;4
2020-08-17;2020;August;Monday;0;False;True;4
2020-08-18;2020;August;Tuesday;0;False;True;4
2020-08-19;2020;August;Wednesday;96;False;False;4
2020-08-20;2020;August;Thursday;80;False;False;4
2020-08-21;2020;August;Friday;134;False;False;4
2020-08-22;2020;August;Saturday;230;False;False;4
2020-08-23;2020;August;Sunday;258;False;False;4
2020-08-24;2020;August;Monday;0;False;True;4
2020-08-25;2020;August;Tuesday;0;False;True;4
2020-08-26;2020;August;Wednesday;65;False;False;4
2020-08-27;2020;August;Thursday;93;False;False;4
2020-08-28;2020;August;Friday;135;False;False;4
2020-08-29;2020;August;Saturday;238;False;False;4
2020-08-30;2020;August;Sunday;251;False;False;4
2020-08-31;2020;August;Monday;0;False;True;0
2020-09-01;2020;September;Tuesday;0;False;True;0
2020-09-02;2020;September;Wednesday;50;False;False;0
2020-09-03;2020;September;Thursday;43;False;False;0
2020-09-04;2020;September;Friday;109;False;False;0
2020-09-05;2020;September;Saturday;193;False;False;0
2020-09-06;2020;September;Sunday;181;False;False;0
2020-09-07;2020;September;Monday;0;False;True;0
2020-09-08;2020;September;Tuesday;0;False;True;0
2020-09-09;2020;September;Wednesday;48;False;False;0
2020-09-10;2020;September;Thursday;41;False;False;0
2020-09-11;2020;September;Friday;112;False;False;0
2020-09-12;2020;September;Saturday;200;False;False;0
2020-09-13;2020;September;Sunday;192;False;False;0
2020-09-14;2020;September;Monday;0;False;True;0
2020-09-15;2020;September;Tuesday;0;False;True;0
2020-09-16;2020;September;Wednesday;55;False;False;0
2020-09-17;2020;September;Thursday;44;False;False;0
2020-09-18;2020;September;Friday;113;False;False;0
2020-09-19;2020;September;Saturday;186;False;False;0
2020-09-20;2020;September;Sunday;204;False;False;0
2020-09-21;2020;September;Monday;0;False;True;0
2020-09-22;2020;September;Tuesday;0;False;True;0
2020-09-23;2020;September;Wednesday;34;False;False;0
2020-09-24;2020;September;Thursday;36;False;False;0
2020-09-25;2020;September;Friday;77;False;False;0
2020-09-26;2020;September;Saturday;203;False;False;0
2020-09-27;2020;September;Sunday;219;False;False;0
2020-09-28;2020;September;Monday;0;False;True;0
2020-09-29;2020;September;Tuesday;0;False;True;0
2020-09-30;2020;September;Wednesday;32;False;False;0
2020-10-01;2020;October;Thursday;30;False;False;0
2020-10-02;2020;October;Friday;105;False;False;0
2020-10-03;2020;October;Saturday;213;False;False;0
2020-10-04;2020;October;Sunday;207;False;False;0
2020-10-05;2020;October;Monday;0;False;True;0
2020-10-06;2020;October;Tuesday;0;False;True;0
2020-10-07;2020;October;Wednesday;50;False;False;0
2020-10-08;2020;October;Thursday;60;False;False;0
2020-10-09;2020;October;Friday;97;False;False;0
2020-10-10;2020;October;Saturday;184;False;False;0
2020-10-11;2020;October;Sunday;182;False;False;0
2020-10-12;2020;October;Monday;0;False;True;0
2020-10-13;2020;October;Tuesday;0;False;True;0
2020-10-14;2020;October;Wednesday;47;False;False;0
2020-10-15;2020;October;Thursday;31;False;False;0
2020-10-16;2020;October;Friday;86;False;False;0
2020-10-17;2020;October;Saturday;219;False;False;0
2020-10-18;2020;October;Sunday;208;False;False;0
2020-10-19;2020;October;Monday;0;False;True;0
2020-10-20;2020;October;Tuesday;0;False;True;0
2020-10-21;2020;October;Wednesday;51;False;False;0
2020-10-22;2020;October;Thursday;36;False;False;0
2020-10-23;2020;October;Friday;86;False;False;0
2020-10-24;2020;October;Saturday;219;False;False;0
2020-10-25;2020;October;Sunday;202;False;False;0
2020-10-26;2020;October;Monday;0;False;True;0
2020-10-27;2020;October;Tuesday;0;False;True;0
2020-10-28;2020;October;Wednesday;52;False;False;0
2020-10-29;2020;October;Thursday;39;False;False;0
2020-10-30;2020;October;Friday;107;False;False;0
2020-10-31;2020;October;Saturday;181;False;False;0
2020-11-01;2020;November;Sunday;186;True;False;0
2020-11-02;2020;November;Monday;0;False;True;0
2020-11-03;2020;November;Tuesday;0;False;True;0
2020-11-04;2020;November;Wednesday;51;False;False;0
2020-11-05;2020;November;Thursday;49;False;False;0
2020-11-06;2020;November;Friday;84;False;False;0
2020-11-07;2020;November;Saturday;220;False;False;0
2020-11-08;2020;November;Sunday;198;False;False;0
2020-11-09;2020;November;Monday;0;False;True;0
2020-11-10;2020;November;Tuesday;0;False;True;0
2020-11-11;2020;November;Wednesday;49;False;False;0
2020-11-12;2020;November;Thursday;43;False;False;0
2020-11-13;2020;November;Friday;107;False;False;0
2020-11-14;2020;November;Saturday;201;False;False;0
2020-11-15;2020;November;Sunday;212;False;False;0
2020-11-16;2020;November;Monday;0;False;True;0
2020-11-17;2020;November;Tuesday;0;False;True;0
2020-11-18;2020;November;Wednesday;52;False;False;0
2020-11-19;2020;November;Thursday;44;False;False;0
2020-11-20;2020;November;Friday;108;False;False;0
2020-11-21;2020;November;Saturday;211;False;False;0
2020-11-22;2020;November;Sunday;215;False;False;0
2020-11-23;2020;November;Monday;0;False;True;0
2020-11-24;2020;November;Tuesday;0;False;True;0
2020-11-25;2020;November;Wednesday;50;False;False;0
2020-11-26;2020;November;Thursday;55;False;False;0
2020-11-27;2020;November;Friday;113;False;False;0
2020-11-28;2020;November;Saturday;187;False;False;0
2020-11-29;2020;November;Sunday;201;False;False;0
2020-11-30;2020;November;Monday;0;False;True;0
2020-12-01;2020;December;Tuesday;0;False;True;0
2020-12-02;2020;December;Wednesday;95;False;False;0
2020-12-03;2020;December;Thursday;89;False;False;0
2020-12-04;2020;December;Friday;138;False;False;0
2020-12-05;2020;December;Saturday;216;False;False;0
2020-12-06;2020;December;Sunday;216;False;False;0
2020-12-07;2020;December;Monday;0;False;True;0
2020-12-08;2020;December;Tuesday;77;True;False;0
2020-12-09;2020;December;Wednesday;81;False;False;0
2020-12-10;2020;December;Thursday;99;False;False;0
2020-12-11;2020;December;Friday;104;False;False;0
2020-12-12;2020;December;Saturday;251;False;False;0
2020-12-13;2020;December;Sunday;212;False;False;0
2020-12-14;2020;December;Monday;0;False;True;0
2020-12-15;2020;December;Tuesday;0;False;True;0
2020-12-16;2020;December;Wednesday;78;False;False;0
2020-12-17;2020;December;Thursday;73;False;False;0
2020-12-18;2020;December;Friday;102;False;False;0
2020-12-19;2020;December;Saturday;232;False;False;0
2020-12-20;2020;December;Sunday;247;False;False;0
2020-12-21;2020;December;Monday;0;False;True;0
2020-12-22;2020;December;Tuesday;0;False;True;0
2020-12-23;2020;December;Wednesday;91;False;False;0
2020-12-24;2020;December;Thursday;151;True;False;0
2020-12-25;2020;December;Friday;166;True;False;0
2020-12-26;2020;December;Saturday;151;True;False;0
2020-12-27;2020;December;Sunday;242;False;False;0
2020-12-28;2020;December;Monday;0;False;True;0
2020-12-29;2020;December;Tuesday;0;False;True;0
2020-12-30;2020;December;Wednesday;99;False;False;0
2020-12-31;2020;December;Thursday;210;True;False;0
2021-01-01;2021;January;Friday;65;True;False;0
2021-01-02;2021;January;Saturday;181;False;False;0
2021-01-03;2021;January;Sunday;214;False;False;0
2021-01-04;2021;January;Monday;0;False;True;0
2021-01-05;2021;January;Tuesday;0;False;True;0
2021-01-06;2021;January;Wednesday;0;True;True;0
2021-01-07;2021;January;Thursday;0;False;True;0
2021-01-08;2021;January;Friday;0;False;True;0
2021-01-09;2021;January;Saturday;0;False;True;0
2021-01-10;2021;January;Sunday;0;False;True;0
2021-01-11;2021;January;Monday;0;False;True;0
2021-01-12;2021;January;Tuesday;0;False;True;3
2021-01-13;2021;January;Wednesday;0;False;True;3
2021-01-14;2021;January;Thursday;0;False;True;3
2021-01-15;2021;January;Friday;113;False;False;3
2021-01-16;2021;January;Saturday;204;False;False;3
2021-01-17;2021;January;Sunday;216;False;False;3
2021-01-18;2021;January;Monday;0;False;True;4
2021-01-19;2021;January;Tuesday;0;False;True;4
2021-01-20;2021;January;Wednesday;32;False;False;4
2021-01-21;2021;January;Thursday;41;False;False;4
2021-01-22;2021;January;Friday;88;False;False;4
2021-01-23;2021;January;Saturday;180;False;False;4
2021-01-24;2021;January;Sunday;189;False;False;4
2021-01-25;2021;January;Monday;0;False;True;0
2021-01-26;2021;January;Tuesday;0;False;True;0
2021-01-27;2021;January;Wednesday;57;False;False;0
2021-01-28;2021;January;Thursday;51;False;False;0
2021-01-29;2021;January;Friday;92;False;False;0
2021-01-30;2021;January;Saturday;181;False;False;0
2021-01-31;2021;January;Sunday;182;False;False;0
2021-02-01;2021;February;Monday;0;False;True;0
2021-02-02;2021;February;Tuesday;0;False;True;0
2021-02-03;2021;February;Wednesday;51;False;False;0
2021-02-04;2021;February;Thursday;46;False;False;0
2021-02-05;2021;February;Friday;98;False;False;0
2021-02-06;2021;February;Saturday;203;False;False;0
2021-02-07;2021;February;Sunday;216;False;False;0
2021-02-08;2021;February;Monday;0;False;True;0
2021-02-09;2021;February;Tuesday;0;False;True;0
2021-02-10;2021;February;Wednesday;57;False;False;0
2021-02-11;2021;February;Thursday;40;False;False;0
2021-02-12;2021;February;Friday;73;False;False;0
2021-02-13;2021;February;Saturday;183;False;False;0
2021-02-14;2021;February;Sunday;184;True;False;0
2021-02-15;2021;February;Monday;0;False;True;0
2021-02-16;2021;February;Tuesday;0;False;True;0
2021-02-17;2021;February;Wednesday;48;False;False;0
2021-02-18;2021;February;Thursday;46;False;False;0
2021-02-19;2021;February;Friday;91;False;False;0
2021-02-20;2021;February;Saturday;206;False;False;0
2021-02-21;2021;February;Sunday;206;False;False;0
2021-02-22;2021;February;Monday;0;False;True;0
2021-02-23;2021;February;Tuesday;0;False;True;0
2021-02-24;2021;February;Wednesday;52;False;False;0
2021-02-25;2021;February;Thursday;52;False;False;0
2021-02-26;2021;February;Friday;102;False;False;0
2021-02-27;2021;February;Saturday;220;False;False;0
2021-02-28;2021;February;Sunday;199;False;False;0
2021-03-01;2021;March;Monday;0;False;True;0
2021-03-02;2021;March;Tuesday;0;False;True;0
2021-03-03;2021;March;Wednesday;56;False;False;0
2021-03-04;2021;March;Thursday;32;False;False;0
2021-03-05;2021;March;Friday;107;False;False;0
2021-03-06;2021;March;Saturday;185;False;False;0
2021-03-07;2021;March;Sunday;188;False;False;0
2021-03-08;2021;March;Monday;79;True;False;0
2021-03-09;2021;March;Tuesday;0;False;True;0
2021-03-10;2021;March;Wednesday;49;False;False;0
2021-03-11;2021;March;Thursday;56;False;False;0
2021-03-12;2021;March;Friday;108;False;False;0
2021-03-13;2021;March;Saturday;201;False;False;0
2021-03-14;2021;March;Sunday;214;False;False;0
2021-03-15;2021;March;Monday;0;False;True;0
2021-03-16;2021;March;Tuesday;0;False;True;0
2021-03-17;2021;March;Wednesday;46;False;False;0
2021-03-18;2021;March;Thursday;36;False;False;0
2021-03-19;2021;March;Friday;110;False;False;0
2021-03-20;2021;March;Saturday;192;False;False;0
2021-03-21;2021;March;Sunday;201;False;False;0
2021-03-22;2021;March;Monday;0;False;True;0
2021-03-23;2021;March;Tuesday;0;False;True;0
2021-03-24;2021;March;Wednesday;33;False;False;0
2021-03-25;2021;March;Thursday;44;False;False;0
2021-03-26;2021;March;Friday;73;False;False;0
2021-03-27;2021;March;Saturday;206;False;False;0
2021-03-28;2021;March;Sunday;188;False;False;0
2021-03-29;2021;March;Monday;0;False;True;0
2021-03-30;2021;March;Tuesday;0;False;True;0
2021-03-31;2021;March;Wednesday;49;False;False;0
2021-04-01;2021;April;Thursday;42;False;False;0
2021-04-02;2021;April;Friday;108;False;False;0
2021-04-03;2021;April;Saturday;184;False;False;0
2021-04-04;2021;April;Sunday;172;False;False;0
2021-04-05;2021;April;Monday;153;False;False;0
2021-04-06;2021;April;Tuesday;0;False;True;0
2021-04-07;2021;April;Wednesday;35;False;False;0
2021-04-08;2021;April;Thursday;39;False;False;0
2021-04-09;2021;April;Friday;109;True;False;0
2021-04-10;2021;April;Saturday;189;True;False;0
2021-04-11;2021;April;Sunday;216;False;False;0
2021-04-12;2021;April;Monday;0;False;True;0
2021-04-13;2021;April;Tuesday;0;False;True;0
2021-04-14;2021;April;Wednesday;31;False;False;0
2021-04-15;2021;April;Thursday;43;False;False;0
2021-04-16;2021;April;Friday;114;False;False;0
2021-04-17;2021;April;Saturday;191;False;False;0
2021-04-18;2021;April;Sunday;188;False;False;0
2021-04-19;2021;April;Monday;0;False;True;0
2021-04-20;2021;April;Tuesday;0;False;True;0
2021-04-21;2021;April;Wednesday;58;False;False;0
2021-04-22;2021;April;Thursday;41;False;False;0
2021-04-23;2021;April;Friday;117;False;False;0
2021-04-24;2021;April;Saturday;181;False;False;0
2021-04-25;2021;April;Sunday;182;True;False;0
2021-04-26;2021;April;Monday;0;False;True;0
2021-04-27;2021;April;Tuesday;0;False;True;0
2021-04-28;2021;April;Wednesday;55;False;False;0
2021-04-29;2021;April;Thursday;58;False;False;0
2021-04-30;2021;April;Friday;96;False;False;0
2021-05-01;2021;May;Saturday;213;True;False;0
2021-05-02;2021;May;Sunday;196;False;False;0
2021-05-03;2021;May;Monday;0;False;True;0
2021-05-04;2021;May;Tuesday;0;False;True;0
2021-05-05;2021;May;Wednesday;44;False;False;0
2021-05-06;2021;May;Thursday;60;False;False;0
2021-05-07;2021;May;Friday;95;False;False;0
2021-05-08;2021;May;Saturday;183;False;False;0
2021-05-09;2021;May;Sunday;195;False;False;0
2021-05-10;2021;May;Monday;0;False;True;0
2021-05-11;2021;May;Tuesday;0;False;True;0
2021-05-12;2021;May;Wednesday;40;False;False;0
2021-05-13;2021;May;Thursday;57;False;False;0
2021-05-14;2021;May;Friday;103;False;False;0
2021-05-15;2021;May;Saturday;182;False;False;0
2021-05-16;2021;May;Sunday;204;False;False;0
2021-05-17;2021;May;Monday;0;False;True;0
2021-05-18;2021;May;Tuesday;0;False;True;0
2021-05-19;2021;May;Wednesday;53;False;False;0
2021-05-20;2021;May;Thursday;39;False;False;0
2021-05-21;2021;May;Friday;87;False;False;0
2021-05-22;2021;May;Saturday;201;False;False;0
2021-05-23;2021;May;Sunday;214;False;False;0
2021-05-24;2021;May;Monday;0;False;True;0
2021-05-25;2021;May;Tuesday;0;False;True;0
2021-05-26;2021;May;Wednesday;41;False;False;0
2021-05-27;2021;May;Thursday;37;False;False;0
2021-05-28;2021;May;Friday;95;False;False;0
2021-05-29;2021;May;Saturday;207;False;False;0
2021-05-30;2021;May;Sunday;194;False;False;0
2021-05-31;2021;May;Monday;0;False;True;0
2021-06-01;2021;June;Tuesday;0;False;True;0
2021-06-02;2021;June;Wednesday;100;True;False;0
2021-06-03;2021;June;Thursday;55;False;False;0
2021-06-04;2021;June;Friday;116;False;False;0
2021-06-05;2021;June;Saturday;229;False;False;0
2021-06-06;2021;June;Sunday;184;False;False;0
2021-06-07;2021;June;Monday;0;False;True;0
2021-06-08;2021;June;Tuesday;0;False;True;0
2021-06-09;2021;June;Wednesday;0;False;True;0
2021-06-10;2021;June;Thursday;0;False;True;0
2021-06-11;2021;June;Friday;125;False;False;0
2021-06-12;2021;June;Saturday;212;False;False;0
2021-06-13;2021;June;Sunday;185;False;False;0
2021-06-14;2021;June;Monday;0;False;True;0
2021-06-15;2021;June;Tuesday;0;False;True;0
2021-06-16;2021;June;Wednesday;50;False;False;0
2021-06-17;2021;June;Thursday;59;False;False;0
2021-06-18;2021;June;Friday;118;False;False;0
2021-06-19;2021;June;Saturday;227;False;False;0
2021-06-20;2021;June;Sunday;219;False;False;0
2021-06-21;2021;June;Monday;0;False;True;0
2021-06-22;2021;June;Tuesday;0;False;True;0
2021-06-23;2021;June;Wednesday;70;False;False;0
2021-06-24;2021;June;Thursday;55;False;False;0
2021-06-25;2021;June;Friday;119;False;False;0
2021-06-26;2021;June;Saturday;189;False;False;0
2021-06-27;2021;June;Sunday;195;False;False;0
2021-06-28;2021;June;Monday;0;False;True;0
2021-06-29;2021;June;Tuesday;0;False;True;0
2021-06-30;2021;June;Wednesday;62;False;False;0
2021-07-01;2021;July;Thursday;79;False;False;0
2021-07-02;2021;July;Friday;128;False;False;0
2021-07-03;2021;July;Saturday;210;False;False;0
2021-07-04;2021;July;Sunday;214;False;False;0
2021-07-05;2021;July;Monday;0;False;True;0
2021-07-06;2021;July;Tuesday;0;False;True;0
2021-07-07;2021;July;Wednesday;84;False;False;0
2021-07-08;2021;July;Thursday;72;False;False;0
2021-07-09;2021;July;Friday;127;False;False;0
2021-07-10;2021;July;Saturday;213;False;False;0
2021-07-11;2021;July;Sunday;201;False;False;0
2021-07-12;2021;July;Monday;0;False;True;0
2021-07-13;2021;July;Tuesday;0;False;True;0
2021-07-14;2021;July;Wednesday;66;False;False;0
2021-07-15;2021;July;Thursday;70;False;False;0
2021-07-16;2021;July;Friday;110;False;False;0
2021-07-17;2021;July;Saturday;239;False;False;0
2021-07-18;2021;July;Sunday;231;False;False;0
2021-07-19;2021;July;Monday;0;False;True;0
2021-07-20;2021;July;Tuesday;0;False;True;0
2021-07-21;2021;July;Wednesday;60;False;False;0
2021-07-22;2021;July;Thursday;77;False;False;0
2021-07-23;2021;July;Friday;140;False;False;0
2021-07-24;2021;July;Saturday;225;False;False;0
2021-07-25;2021;July;Sunday;227;False;False;0
2021-07-26;2021;July;Monday;0;False;True;0
2021-07-27;2021;July;Tuesday;0;False;True;0
2021-07-28;2021;July;Wednesday;63;False;False;0
2021-07-29;2021;July;Thursday;74;False;False;0
2021-07-30;2021;July;Friday;125;False;False;0
2021-07-31;2021;July;Saturday;233;False;False;0
2021-08-01;2021;August;Sunday;257;False;False;0
2021-08-02;2021;August;Monday;0;False;True;0
2021-08-03;2021;August;Tuesday;0;False;True;0
2021-08-04;2021;August;Wednesday;91;False;False;0
2021-08-05;2021;August;Thursday;79;False;False;0
2021-08-06;2021;August;Friday;141;False;False;0
2021-08-07;2021;August;Saturday;244;False;False;0
2021-08-08;2021;August;Sunday;262;False;False;0
2021-08-09;2021;August;Monday;0;False;True;0
2021-08-10;2021;August;Tuesday;0;False;True;0
2021-08-11;2021;August;Wednesday;74;False;False;0
2021-08-12;2021;August;Thursday;81;False;False;0
2021-08-13;2021;August;Friday;134;False;False;0
2021-08-14;2021;August;Saturday;245;False;False;0
2021-08-15;2021;August;Sunday;153;True;False;0
2021-08-16;2021;August;Monday;0;False;True;4
2021-08-17;2021;August;Tuesday;0;False;True;4
2021-08-18;2021;August;Wednesday;97;False;False;4
2021-08-19;2021;August;Thursday;79;False;False;4
2021-08-20;2021;August;Friday;100;False;False;4
2021-08-21;2021;August;Saturday;218;False;False;4
2021-08-22;2021;August;Sunday;242;False;False;4
2021-08-23;2021;August;Monday;0;False;True;4
2021-08-24;2021;August;Tuesday;0;False;True;4
2021-08-25;2021;August;Wednesday;70;False;False;4
2021-08-26;2021;August;Thursday;97;False;False;4
2021-08-27;2021;August;Friday;142;False;False;4
2021-08-28;2021;August;Saturday;230;False;False;4
2021-08-29;2021;August;Sunday;262;False;False;4
2021-08-30;2021;August;Monday;0;False;True;0
2021-08-31;2021;August;Tuesday;0;False;True;0
2021-09-01;2021;September;Wednesday;57;False;False;0
2021-09-02;2021;September;Thursday;39;False;False;0
2021-09-03;2021;September;Friday;115;False;False;0
2021-09-04;2021;September;Saturday;185;False;False;0
2021-09-05;2021;September;Sunday;210;False;False;0
2021-09-06;2021;September;Monday;0;False;True;0
2021-09-07;2021;September;Tuesday;0;False;True;0
2021-09-08;2021;September;Wednesday;54;False;False;0
2021-09-09;2021;September;Thursday;51;False;False;0
2021-09-10;2021;September;Friday;77;False;False;0
2021-09-11;2021;September;Saturday;201;False;False;0
2021-09-12;2021;September;Sunday;216;False;False;0
2021-09-13;2021;September;Monday;0;False;True;0
2021-09-14;2021;September;Tuesday;0;False;True;0
2021-09-15;2021;September;Wednesday;42;False;False;0
2021-09-16;2021;September;Thursday;44;False;False;0
2021-09-17;2021;September;Friday;103;False;False;0
2021-09-18;2021;September;Saturday;216;False;False;0
2021-09-19;2021;September;Sunday;192;False;False;0
2021-09-20;2021;September;Monday;0;False;True;0
2021-09-21;2021;September;Tuesday;0;False;True;0
2021-09-22;2021;September;Wednesday;42;False;False;0
2021-09-23;2021;September;Thursday;50;False;False;0
2021-09-24;2021;September;Friday;118;False;False;0
2021-09-25;2021;September;Saturday;194;False;False;0
2021-09-26;2021;September;Sunday;208;False;False;0
2021-09-27;2021;September;Monday;0;False;True;0
2021-09-28;2021;September;Tuesday;0;False;True;0
2021-09-29;2021;September;Wednesday;54;False;False;0
2021-09-30;2021;September;Thursday;31;False;False;0
2021-10-01;2021;October;Friday;104;False;False;0
2021-10-02;2021;October;Saturday;192;False;False;0
2021-10-03;2021;October;Sunday;186;False;False;0
2021-10-04;2021;October;Monday;0;False;True;0
2021-10-05;2021;October;Tuesday;0;False;True;0
2021-10-06;2021;October;Wednesday;31;False;False;0
2021-10-07;2021;October;Thursday;43;False;False;0
2021-10-08;2021;October;Friday;89;False;False;0
2021-10-09;2021;October;Saturday;207;False;False;0
2021-10-10;2021;October;Sunday;195;False;False;0
2021-10-11;2021;October;Monday;0;False;True;0
2021-10-12;2021;October;Tuesday;0;False;True;0
2021-10-13;2021;October;Wednesday;41;False;False;0
2021-10-14;2021;October;Thursday;56;False;False;0
2021-10-15;2021;October;Friday;97;False;False;0
2021-10-16;2021;October;Saturday;198;False;False;0
2021-10-17;2021;October;Sunday;187;False;False;0
2021-10-18;2021;October;Monday;0;False;True;0
2021-10-19;2021;October;Tuesday;0;False;True;0
2021-10-20;2021;October;Wednesday;36;False;False;0
2021-10-21;2021;October;Thursday;37;False;False;0
2021-10-22;2021;October;Friday;105;False;False;0
2021-10-23;2021;October;Saturday;207;False;False;0
2021-10-24;2021;October;Sunday;187;False;False;0
2021-10-25;2021;October;Monday;0;False;True;0
2021-10-26;2021;October;Tuesday;0;False;True;0
2021-10-27;2021;October;Wednesday;43;False;False;0
2021-10-28;2021;October;Thursday;30;False;False;0
2021-10-29;2021;October;Friday;94;False;False;0
2021-10-30;2021;October;Saturday;188;False;False;0
2021-10-31;2021;October;Sunday;204;False;False;0
2021-11-01;2021;November;Monday;82;True;False;0
2021-11-02;2021;November;Tuesday;0;False;True;0
2021-11-03;2021;November;Wednesday;48;False;False;0
2021-11-04;2021;November;Thursday;50;False;False;0
2021-11-05;2021;November;Friday;119;False;False;0
2021-11-06;2021;November;Saturday;180;False;False;0
2021-11-07;2021;November;Sunday;213;False;False;0
2021-11-08;2021;November;Monday;0;False;True;0
2021-11-09;2021;November;Tuesday;0;False;True;0
2021-11-10;2021;November;Wednesday;60;False;False;0
2021-11-11;2021;November;Thursday;47;False;False;0
2021-11-12;2021;November;Friday;107;False;False;0
2021-11-13;2021;November;Saturday;206;False;False;0
2021-11-14;2021;November;Sunday;197;False;False;0
2021-11-15;2021;November;Monday;0;False;True;0
2021-11-16;2021;November;Tuesday;0;False;True;0
2021-11-17;2021;November;Wednesday;57;False;False;0
2021-11-18;2021;November;Thursday;60;False;False;0
2021-11-19;2021;November;Friday;96;False;False;0
2021-11-20;2021;November;Saturday;202;False;False;0
2021-11-21;2021;November;Sunday;196;False;False;0
2021-11-22;2021;November;Monday;0;False;True;0
2021-11-23;2021;November;Tuesday;0;False;True;0
2021-11-24;2021;November;Wednesday;56;False;False;0
2021-11-25;2021;November;Thursday;34;False;False;0
2021-11-26;2021;November;Friday;109;False;False;0
2021-11-27;2021;November;Saturday;193;False;False;0
2021-11-28;2021;November;Sunday;199;False;False;0
2021-11-29;2021;November;Monday;0;False;True;0
2021-11-30;2021;November;Tuesday;0;False;True;0
2021-12-01;2021;December;Wednesday;96;False;False;0
2021-12-02;2021;December;Thursday;95;False;False;0
2021-12-03;2021;December;Friday;125;False;False;0
2021-12-04;2021;December;Saturday;250;False;False;0
2021-12-05;2021;December;Sunday;254;False;False;0
2021-12-06;2021;December;Monday;0;False;True;0
2021-12-07;2021;December;Tuesday;0;False;True;0
2021-12-08;2021;December;Wednesday;114;True;False;0
2021-12-09;2021;December;Thursday;78;False;False;0
2021-12-10;2021;December;Friday;146;False;False;0
2021-12-11;2021;December;Saturday;217;False;False;0
2021-12-12;2021;December;Sunday;224;False;False;0
2021-12-13;2021;December;Monday;0;False;True;0
2021-12-14;2021;December;Tuesday;0;False;True;0
2021-12-15;2021;December;Wednesday;97;False;False;0
2021-12-16;2021;December;Thursday;77;False;False;0
2021-12-17;2021;December;Friday;119;False;False;0
2021-12-18;2021;December;Saturday;228;False;False;0
2021-12-19;2021;December;Sunday;256;False;False;0
2021-12-20;2021;December;Monday;0;False;True;0
2021-12-21;2021;December;Tuesday;0;False;True;0
2021-12-22;2021;December;Wednesday;78;False;False;0
2021-12-23;2021;December;Thursday;89;False;False;0
2021-12-24;2021;December;Friday;158;True;False;0
2021-12-25;2021;December;Saturday;166;True;False;0
2021-12-26;2021;December;Sunday;151;True;False;0
2021-12-27;2021;December;Monday;0;False;True;0
2021-12-28;2021;December;Tuesday;0;False;True;0
2021-12-29;2021;December;Wednesday;68;False;False;0
2021-12-30;2021;December;Thursday;67;False;False;0
2021-12-31;2021;December;Friday;203;True;False;0
2022-01-01;2022;January;Saturday;74;True;False;0
2022-01-02;2022;January;Sunday;218;False;False;0
2022-01-03;2022;January;Monday;0;False;True;0
2022-01-04;2022;January;Tuesday;0;False;True;0
2022-01-05;2022;January;Wednesday;0;False;True;0
2022-01-06;2022;January;Thursday;0;True;True;0
2022-01-07;2022;January;Friday;0;False;True;0
2022-01-08;2022;January;Saturday;0;False;True;0
2022-01-09;2022;January;Sunday;0;False;True;0
2022-01-10;2022;January;Monday;0;False;True;0
2022-01-11;2022;January;Tuesday;0;False;True;0
2022-01-12;2022;January;Wednesday;0;False;True;0
2022-01-13;2022;January;Thursday;0;False;True;0
2022-01-14;2022;January;Friday;110;False;False;3
2022-01-15;2022;January;Saturday;195;False;False;3
2022-01-16;2022;January;Sunday;190;False;False;3
2022-01-17;2022;January;Monday;0;False;True;3
2022-01-18;2022;January;Tuesday;0;False;True;2
2022-01-19;2022;January;Wednesday;44;False;False;2
2022-01-20;2022;January;Thursday;40;False;False;2
2022-01-21;2022;January;Friday;84;False;False;2
2022-01-22;2022;January;Saturday;202;False;False;2
2022-01-23;2022;January;Sunday;215;False;False;2
2022-01-24;2022;January;Monday;0;False;True;0
2022-01-25;2022;January;Tuesday;0;False;True;0
2022-01-26;2022;January;Wednesday;44;False;False;0
2022-01-27;2022;January;Thursday;41;False;False;0
2022-01-28;2022;January;Friday;96;False;False;0
2022-01-29;2022;January;Saturday;190;False;False;0
2022-01-30;2022;January;Sunday;212;False;False;0
2022-01-31;2022;January;Monday;0;False;True;0
2022-02-01;2022;February;Tuesday;0;False;True;0
2022-02-02;2022;February;Wednesday;50;False;False;0
2022-02-03;2022;February;Thursday;40;False;False;0
2022-02-04;2022;February;Friday;102;False;False;0
2022-02-05;2022;February;Saturday;217;False;False;0
2022-02-06;2022;February;Sunday;202;False;False;0
2022-02-07;2022;February;Monday;0;False;True;0
2022-02-08;2022;February;Tuesday;0;False;True;0
2022-02-09;2022;February;Wednesday;33;False;False;0
2022-02-10;2022;February;Thursday;47;False;False;0
2022-02-11;2022;February;Friday;114;False;False;0
2022-02-12;2022;February;Saturday;203;False;False;0
2022-02-13;2022;February;Sunday;209;False;False;0
2022-02-14;2022;February;Monday;144;True;False;0
2022-02-15;2022;February;Tuesday;0;False;True;0
2022-02-16;2022;February;Wednesday;38;False;False;0
2022-02-17;2022;February;Thursday;33;False;False;0
2022-02-18;2022;February;Friday;92;False;False;0
2022-02-19;2022;February;Saturday;215;False;False;0
2022-02-20;2022;February;Sunday;200;False;False;0
2022-02-21;2022;February;Monday;0;False;True;0
2022-02-22;2022;February;Tuesday;0;False;True;0
2022-02-23;2022;February;Wednesday;40;False;False;0
2022-02-24;2022;February;Thursday;43;False;False;0
2022-02-25;2022;February;Friday;91;False;False;0
2022-02-26;2022;February;Saturday;218;False;False;0
2022-02-27;2022;February;Sunday;220;False;False;0
2022-02-28;2022;February;Monday;0;False;True;0
2022-03-01;2022;March;Tuesday;0;False;True;0
2022-03-02;2022;March;Wednesday;51;False;False;0
2022-03-03;2022;March;Thursday;60;False;False;0
2022-03-04;2022;March;Friday;98;False;False;0
2022-03-05;2022;March;Saturday;208;False;False;0
2022-03-06;2022;March;Sunday;190;False;False;0
2022-03-07;2022;March;Monday;0;False;True;0
2022-03-08;2022;March;Tuesday;65;True;False;0
2022-03-09;2022;March;Wednesday;37;False;False;0
2022-03-10;2022;March;Thursday;38;False;False;0
2022-03-11;2022;March;Friday;75;False;False;0
2022-03-12;2022;March;Saturday;220;False;False;0
2022-03-13;2022;March;Sunday;217;False;False;0
2022-03-14;2022;March;Monday;0;False;True;0
2022-03-15;2022;March;Tuesday;0;False;True;0
2022-03-16;2022;March;Wednesday;54;False;False;0
2022-03-17;2022;March;Thursday;32;False;False;0
2022-03-18;2022;March;Friday;75;False;False;0
2022-03-19;2022;March;Saturday;198;False;False;0
2022-03-20;2022;March;Sunday;190;False;False;0
2022-03-21;2022;March;Monday;0;False;True;0
2022-03-22;2022;March;Tuesday;0;False;True;0
2022-03-23;2022;March;Wednesday;44;False;False;0
2022-03-24;2022;March;Thursday;47;False;False;0
2022-03-25;2022;March;Friday;106;False;False;0
2022-03-26;2022;March;Saturday;192;False;False;0
2022-03-27;2022;March;Sunday;180;False;False;0
2022-03-28;2022;March;Monday;0;False;True;0
2022-03-29;2022;March;Tuesday;0;False;True;0
2022-03-30;2022;March;Wednesday;41;False;False;0
2022-03-31;2022;March;Thursday;57;False;False;0
2022-04-01;2022;April;Friday;102;False;False;0
2022-04-02;2022;April;Saturday;207;False;False;0
2022-04-03;2022;April;Sunday;217;False;False;0
2022-04-04;2022;April;Monday;0;False;True;0
2022-04-05;2022;April;Tuesday;0;False;True;0
2022-04-06;2022;April;Wednesday;40;False;False;0
2022-04-07;2022;April;Thursday;52;False;False;0
2022-04-08;2022;April;Friday;89;False;False;0
2022-04-09;2022;April;Saturday;186;True;False;0
2022-04-10;2022;April;Sunday;193;True;False;0
2022-04-11;2022;April;Monday;0;False;True;0
2022-04-12;2022;April;Tuesday;0;False;True;0
2022-04-13;2022;April;Wednesday;51;False;False;0
2022-04-14;2022;April;Thursday;51;False;False;0
2022-04-15;2022;April;Friday;71;False;False;0
2022-04-16;2022;April;Saturday;207;False;False;0
2022-04-17;2022;April;Sunday;175;False;False;0
2022-04-18;2022;April;Monday;160;False;False;0
2022-04-19;2022;April;Tuesday;0;False;True;0
2022-04-20;2022;April;Wednesday;32;False;False;0
2022-04-21;2022;April;Thursday;55;False;False;0
2022-04-22;2022;April;Friday;84;False;False;0
2022-04-23;2022;April;Saturday;185;False;False;0
2022-04-24;2022;April;Sunday;185;False;False;0
2022-04-25;2022;April;Monday;78;True;False;0
2022-04-26;2022;April;Tuesday;0;False;True;0
2022-04-27;2022;April;Wednesday;38;False;False;0
2022-04-28;2022;April;Thursday;60;False;False;0
2022-04-29;2022;April;Friday;104;False;False;0
2022-04-30;2022;April;Saturday;198;False;False;0
2022-05-01;2022;May;Sunday;206;True;False;0
2022-05-02;2022;May;Monday;0;False;True;0
2022-05-03;2022;May;Tuesday;0;False;True;0
2022-05-04;2022;May;Wednesday;53;False;False;0
2022-05-05;2022;May;Thursday;31;False;False;0
2022-05-06;2022;May;Friday;102;False;False;0
2022-05-07;2022;May;Saturday;218;False;False;0
2022-05-08;2022;May;Sunday;186;False;False;0
2022-05-09;2022;May;Monday;0;False;True;0
2022-05-10;2022;May;Tuesday;0;False;True;0
2022-05-11;2022;May;Wednesday;48;False;False;0
2022-05-12;2022;May;Thursday;52;False;False;0
2022-05-13;2022;May;Friday;77;False;False;0
2022-05-14;2022;May;Saturday;204;False;False;0
2022-05-15;2022;May;Sunday;193;False;False;0
2022-05-16;2022;May;Monday;0;False;True;0
2022-05-17;2022;May;Tuesday;0;False;True;0
2022-05-18;2022;May;Wednesday;51;False;False;0
2022-05-19;2022;May;Thursday;38;False;False;0
2022-05-20;2022;May;Friday;79;False;False;0
2022-05-21;2022;May;Saturday;214;False;False;0
2022-05-22;2022;May;Sunday;193;False;False;0
2022-05-23;2022;May;Monday;0;False;True;0
2022-05-24;2022;May;Tuesday;0;False;True;0
2022-05-25;2022;May;Wednesday;56;False;False;0
2022-05-26;2022;May;Thursday;39;False;False;0
2022-05-27;2022;May;Friday;114;False;False;0
2022-05-28;2022;May;Saturday;193;False;False;0
2022-05-29;2022;May;Sunday;185;False;False;0
2022-05-30;2022;May;Monday;0;False;True;0
2022-05-31;2022;May;Tuesday;0;False;True;0
2022-06-01;2022;June;Wednesday;58;False;False;0
2022-06-02;2022;June;Thursday;123;True;False;0
2022-06-03;2022;June;Friday;106;False;False;0
2022-06-04;2022;June;Saturday;197;False;False;0
2022-06-05;2022;June;Sunday;201;False;False;0
2022-06-06;2022;June;Monday;0;False;True;0
2022-06-07;2022;June;Tuesday;0;False;True;0
2022-06-08;2022;June;Wednesday;0;False;True;0
2022-06-09;2022;June;Thursday;0;False;True;0
2022-06-10;2022;June;Friday;106;False;False;0
2022-06-11;2022;June;Saturday;189;False;False;0
2022-06-12;2022;June;Sunday;200;False;False;0
2022-06-13;2022;June;Monday;0;False;True;0
2022-06-14;2022;June;Tuesday;0;False;True;0
2022-06-15;2022;June;Wednesday;54;False;False;0
2022-06-16;2022;June;Thursday;66;False;False;0
2022-06-17;2022;June;Friday;127;False;False;0
2022-06-18;2022;June;Saturday;215;False;False;0
2022-06-19;2022;June;Sunday;194;False;False;0
2022-06-20;2022;June;Monday;0;False;True;0
2022-06-21;2022;June;Tuesday;0;False;True;0
2022-06-22;2022;June;Wednesday;68;False;False;0
2022-06-23;2022;June;Thursday;51;False;False;0
2022-06-24;2022;June;Friday;115;False;False;0
2022-06-25;2022;June;Saturday;180;False;False;0
2022-06-26;2022;June;Sunday;210;False;False;0
2022-06-27;2022;June;Monday;0;False;True;0
2022-06-28;2022;June;Tuesday;0;False;True;0
2022-06-29;2022;June;Wednesday;50;False;False;0
2022-06-30;2022;June;Thursday;58;False;False;0
2022-07-01;2022;July;Friday;107;False;False;0
2022-07-02;2022;July;Saturday;215;False;False;0
2022-07-03;2022;July;Sunday;247;False;False;0
2022-07-04;2022;July;Monday;0;False;True;0
2022-07-05;2022;July;Tuesday;0;False;True;0
2022-07-06;2022;July;Wednesday;87;False;False;0
2022-07-07;2022;July;Thursday;65;False;False;0
2022-07-08;2022;July;Friday;104;False;False;0
2022-07-09;2022;July;Saturday;226;False;False;0
2022-07-10;2022;July;Sunday;244;False;False;0
2022-07-11;2022;July;Monday;0;False;True;0
2022-07-12;2022;July;Tuesday;0;False;True;0
2022-07-13;2022;July;Wednesday;67;False;False;0
2022-07-14;2022;July;Thursday;62;False;False;0
2022-07-15;2022;July;Friday;102;False;False;0
2022-07-16;2022;July;Saturday;249;False;False;0
2022-07-17;2022;July;Sunday;205;False;False;0
2022-07-18;2022;July;Monday;0;False;True;0
2022-07-19;2022;July;Tuesday;0;False;True;0
2022-07-20;2022;July;Wednesday;75;False;False;0
2022-07-21;2022;July;Thursday;71;False;False;0
2022-07-22;2022;July;Friday;127;False;False;0
2022-07-23;2022;July;Saturday;223;False;False;0
2022-07-24;2022;July;Sunday;218;False;False;0
2022-07-25;2022;July;Monday;0;False;True;0
2022-07-26;2022;July;Tuesday;0;False;True;0
2022-07-27;2022;July;Wednesday;83;False;False;0
2022-07-28;2022;July;Thursday;69;False;False;0
2022-07-29;2022;July;Friday;126;False;False;0
2022-07-30;2022;July;Saturday;248;False;False;0
2022-07-31;2022;July;Sunday;201;False;False;0
2022-08-01;2022;August;Monday;0;False;True;0
2022-08-02;2022;August;Tuesday;0;False;True;0
2022-08-03;2022;August;Wednesday;90;False;False;0
2022-08-04;2022;August;Thursday;79;False;False;0
2022-08-05;2022;August;Friday;132;False;False;0
2022-08-06;2022;August;Saturday;262;False;False;0
2022-08-07;2022;August;Sunday;213;False;False;0
2022-08-08;2022;August;Monday;0;False;True;0
2022-08-09;2022;August;Tuesday;0;False;True;0
2022-08-10;2022;August;Wednesday;80;False;False;0
2022-08-11;2022;August;Thursday;73;False;False;0
2022-08-12;2022;August;Friday;137;False;False;0
2022-08-13;2022;August;Saturday;236;False;False;0
2022-08-14;2022;August;Sunday;247;False;False;0
2022-08-15;2022;August;Monday;161;True;False;0
2022-08-16;2022;August;Tuesday;0;False;True;4
2022-08-17;2022;August;Wednesday;77;False;False;4
2022-08-18;2022;August;Thursday;99;False;False;4
2022-08-19;2022;August;Friday;123;False;False;4
2022-08-20;2022;August;Saturday;229;False;False;4
2022-08-21;2022;August;Sunday;242;False;False;4
2022-08-22;2022;August;Monday;0;False;True;4
2022-08-23;2022;August;Tuesday;0;False;True;4
2022-08-24;2022;August;Wednesday;94;False;False;4
2022-08-25;2022;August;Thursday;92;False;False;4
2022-08-26;2022;August;Friday;123;False;False;4
2022-08-27;2022;August;Saturday;234;False;False;4
2022-08-28;2022;August;Sunday;264;False;False;4
2022-08-29;2022;August;Monday;0;False;True;0
2022-08-30;2022;August;Tuesday;0;False;True;0
2022-08-31;2022;August;Wednesday;96;False;False;0
2022-09-01;2022;September;Thursday;54;False;False;0
2022-09-02;2022;September;Friday;94;False;False;0
2022-09-03;2022;September;Saturday;204;False;False;0
2022-09-04;2022;September;Sunday;191;False;False;0
2022-09-05;2022;September;Monday;0;False;True;0
2022-09-06;2022;September;Tuesday;0;False;True;0
2022-09-07;2022;September;Wednesday;56;False;False;0
2022-09-08;2022;September;Thursday;60;False;False;0
2022-09-09;2022;September;Friday;74;False;False;0
2022-09-10;2022;September;Saturday;190;False;False;0
2022-09-11;2022;September;Sunday;200;False;False;0
2022-09-12;2022;September;Monday;0;False;True;0
2022-09-13;2022;September;Tuesday;0;False;True;0
2022-09-14;2022;September;Wednesday;48;False;False;0
2022-09-15;2022;September;Thursday;35;False;False;0
2022-09-16;2022;September;Friday;119;False;False;0
2022-09-17;2022;September;Saturday;201;False;False;0
2022-09-18;2022;September;Sunday;184;False;False;0
2022-09-19;2022;September;Monday;0;False;True;0
2022-09-20;2022;September;Tuesday;0;False;True;0
2022-09-21;2022;September;Wednesday;49;False;False;0
2022-09-22;2022;September;Thursday;43;False;False;0
2022-09-23;2022;September;Friday;114;False;False;0
2022-09-24;2022;September;Saturday;218;False;False;0
2022-09-25;2022;September;Sunday;181;False;False;0
2022-09-26;2022;September;Monday;0;False;True;0
2022-09-27;2022;September;Tuesday;0;False;True;0
2022-09-28;2022;September;Wednesday;43;False;False;0
2022-09-29;2022;September;Thursday;34;False;False;0
2022-09-30;2022;September;Friday;88;False;False;0
2022-10-01;2022;October;Saturday;211;False;False;0
2022-10-02;2022;October;Sunday;182;False;False;0
2022-10-03;2022;October;Monday;0;False;True;0
2022-10-04;2022;October;Tuesday;0;False;True;0
2022-10-05;2022;October;Wednesday;55;False;False;0
2022-10-06;2022;October;Thursday;58;False;False;0
2022-10-07;2022;October;Friday;116;False;False;0
2022-10-08;2022;October;Saturday;201;False;False;0
2022-10-09;2022;October;Sunday;190;False;False;0
2022-10-10;2022;October;Monday;0;False;True;0
2022-10-11;2022;October;Tuesday;0;False;True;0
2022-10-12;2022;October;Wednesday;36;False;False;0
2022-10-13;2022;October;Thursday;43;False;False;0
2022-10-14;2022;October;Friday;84;False;False;0
2022-10-15;2022;October;Saturday;210;False;False;0
2022-10-16;2022;October;Sunday;186;False;False;0
2022-10-17;2022;October;Monday;0;False;True;0
2022-10-18;2022;October;Tuesday;0;False;True;0
2022-10-19;2022;October;Wednesday;51;False;False;0
2022-10-20;2022;October;Thursday;47;False;False;0
2022-10-21;2022;October;Friday;81;False;False;0
2022-10-22;2022;October;Saturday;216;False;False;0
2022-10-23;2022;October;Sunday;219;False;False;0
2022-10-24;2022;October;Monday;0;False;True;0
2022-10-25;2022;October;Tuesday;0;False;True;0
2022-10-26;2022;October;Wednesday;49;False;False;0
2022-10-27;2022;October;Thursday;47;False;False;0
2022-10-28;2022;October;Friday;93;False;False;0
2022-10-29;2022;October;Saturday;219;False;False;0
2022-10-30;2022;October;Sunday;214;False;False;0
2022-10-31;2022;October;Monday;0;False;True;0
2022-11-01;2022;November;Tuesday;86;True;False;0
2022-11-02;2022;November;Wednesday;38;False;False;0
2022-11-03;2022;November;Thursday;39;False;False;0
2022-11-04;2022;November;Friday;101;False;False;0
2022-11-05;2022;November;Saturday;187;False;False;0
2022-11-06;2022;November;Sunday;186;False;False;0
2022-11-07;2022;November;Monday;0;False;True;0
2022-11-08;2022;November;Tuesday;0;False;True;0
2022-11-09;2022;November;Wednesday;35;False;False;0
2022-11-10;2022;November;Thursday;33;False;False;0
2022-11-11;2022;November;Friday;80;False;False;0
2022-11-12;2022;November;Saturday;195;False;False;0
2022-11-13;2022;November;Sunday;212;False;False;0
2022-11-14;2022;November;Monday;0;False;True;0
2022-11-15;2022;November;Tuesday;0;False;True;0
2022-11-16;2022;November;Wednesday;43;False;False;0
2022-11-17;2022;November;Thursday;45;False;False;0
2022-11-18;2022;November;Friday;95;False;False;0
2022-11-19;2022;November;Saturday;183;False;False;0
2022-11-20;2022;November;Sunday;214;False;False;0
2022-11-21;2022;November;Monday;0;False;True;0
2022-11-22;2022;November;Tuesday;0;False;True;0
2022-11-23;2022;November;Wednesday;55;False;False;0
2022-11-24;2022;November;Thursday;59;False;False;0
2022-11-25;2022;November;Friday;109;False;False;0
2022-11-26;2022;November;Saturday;181;False;False;0
2022-11-27;2022;November;Sunday;192;False;False;0
2022-11-28;2022;November;Monday;0;False;True;0
2022-11-29;2022;November;Tuesday;0;False;True;0
2022-11-30;2022;November;Wednesday;35;False;False;0
2022-12-01;2022;December;Thursday;65;False;False;0
2022-12-02;2022;December;Friday;109;False;False;0
2022-12-03;2022;December;Saturday;252;False;False;0
2022-12-04;2022;December;Sunday;225;False;False;0
2022-12-05;2022;December;Monday;0;False;True;0
2022-12-06;2022;December;Tuesday;0;False;True;0
2022-12-07;2022;December;Wednesday;79;False;False;0
2022-12-08;2022;December;Thursday;110;True;False;0
2022-12-09;2022;December;Friday;106;False;False;0
2022-12-10;2022;December;Saturday;213;False;False;0
2022-12-11;2022;December;Sunday;220;False;False;0
2022-12-12;2022;December;Monday;0;False;True;0
2022-12-13;2022;December;Tuesday;0;False;True;0
2022-12-14;2022;December;Wednesday;92;False;False;0
2022-12-15;2022;December;Thursday;69;False;False;0
2022-12-16;2022;December;Friday;117;False;False;0
2022-12-17;2022;December;Saturday;241;False;False;0
2022-12-18;2022;December;Sunday;249;False;False;0
2022-12-19;2022;December;Monday;0;False;True;0
2022-12-20;2022;December;Tuesday;0;False;True;0
2022-12-21;2022;December;Wednesday;93;False;False;0
2022-12-22;2022;December;Thursday;93;False;False;0
2022-12-23;2022;December;Friday;133;False;False;0
2022-12-24;2022;December;Saturday;184;True;False;0
2022-12-25;2022;December;Sunday;173;True;False;0
2022-12-26;2022;December;Monday;160;True;False;0
2022-12-27;2022;December;Tuesday;0;False;True;0
2022-12-28;2022;December;Wednesday;73;False;False;0
2022-12-29;2022;December;Thursday;89;False;False;0
2022-12-30;2022;December;Friday;114;False;False;0
2022-12-31;2022;December;Saturday;223;True;False;0
2023-01-01;2023;January;Sunday;84;True;False;0
2023-01-02;2023;January;Monday;0;False;True;0
2023-01-03;2023;January;Tuesday;0;False;True;0
2023-01-04;2023;January;Wednesday;0;False;True;0
2023-01-05;2023;January;Thursday;0;False;True;0
2023-01-06;2023;January;Friday;0;True;True;0
2023-01-07;2023;January;Saturday;0;False;True;0
2023-01-08;2023;January;Sunday;0;False;True;0
2023-01-09;2023;January;Monday;0;False;True;0
2023-01-10;2023;January;Tuesday;0;False;True;0
2023-01-11;2023;January;Wednesday;0;False;True;0
2023-01-12;2023;January;Thursday;0;False;True;0
2023-01-13;2023;January;Friday;109;False;False;0
2023-01-14;2023;January;Saturday;210;False;False;0
2023-01-15;2023;January;Sunday;195;False;False;0
2023-01-16;2023;January;Monday;0;False;True;3
2023-01-17;2023;January;Tuesday;0;False;True;3
2023-01-18;2023;January;Wednesday;41;False;False;3
2023-01-19;2023;January;Thursday;36;False;False;3
2023-01-20;2023;January;Friday;79;False;False;3
2023-01-21;2023;January;Saturday;197;False;False;3
2023-01-22;2023;January;Sunday;214;False;False;3
2023-01-23;2023;January;Monday;0;False;True;2
2023-01-24;2023;January;Tuesday;0;False;True;2
2023-01-25;2023;January;Wednesday;37;False;False;2
2023-01-26;2023;January;Thursday;58;False;False;2
2023-01-27;2023;January;Friday;119;False;False;2
2023-01-28;2023;January;Saturday;197;False;False;2
2023-01-29;2023;January;Sunday;214;False;False;2
2023-01-30;2023;January;Monday;0;False;True;0
2023-01-31;2023;January;Tuesday;0;False;True;0
2023-02-01;2023;February;Wednesday;32;False;False;0
2023-02-02;2023;February;Thursday;55;False;False;0
2023-02-03;2023;February;Friday;98;False;False;0
2023-02-04;2023;February;Saturday;217;False;False;0
2023-02-05;2023;February;Sunday;199;False;False;0
2023-02-06;2023;February;Monday;0;False;True;0
2023-02-07;2023;February;Tuesday;0;False;True;0
2023-02-08;2023;February;Wednesday;45;False;False;0
2023-02-09;2023;February;Thursday;59;False;False;0
2023-02-10;2023;February;Friday;98;False;False;0
2023-02-11;2023;February;Saturday;220;False;False;0
2023-02-12;2023;February;Sunday;186;False;False;0
2023-02-13;2023;February;Monday;0;False;True;0
2023-02-14;2023;February;Tuesday;147;True;False;0
2023-02-15;2023;February;Wednesday;45;False;False;0
2023-02-16;2023;February;Thursday;40;False;False;0
2023-02-17;2023;February;Friday;107;False;False;0
2023-02-18;2023;February;Saturday;191;False;False;0
2023-02-19;2023;February;Sunday;203;False;False;0
2023-02-20;2023;February;Monday;0;False;True;0
2023-02-21;2023;February;Tuesday;0;False;True;0
2023-02-22;2023;February;Wednesday;38;False;False;0
2023-02-23;2023;February;Thursday;40;False;False;0
2023-02-24;2023;February;Friday;113;False;False;0
2023-02-25;2023;February;Saturday;214;False;False;0
2023-02-26;2023;February;Sunday;216;False;False;0
2023-02-27;2023;February;Monday;0;False;True;0
2023-02-28;2023;February;Tuesday;0;False;True;0
2023-03-01;2023;March;Wednesday;52;False;False;0
2023-03-02;2023;March;Thursday;45;False;False;0
2023-03-03;2023;March;Friday;94;False;False;0
2023-03-04;2023;March;Saturday;194;False;False;0
2023-03-05;2023;March;Sunday;203;False;False;0
2023-03-06;2023;March;Monday;0;False;True;0
2023-03-07;2023;March;Tuesday;0;False;True;0
2023-03-08;2023;March;Wednesday;72;True;False;0
2023-03-09;2023;March;Thursday;57;False;False;0
2023-03-10;2023;March;Friday;71;False;False;0
2023-03-11;2023;March;Saturday;218;False;False;0
2023-03-12;2023;March;Sunday;198;False;False;0
2023-03-13;2023;March;Monday;0;False;True;0
2023-03-14;2023;March;Tuesday;0;False;True;0
2023-03-15;2023;March;Wednesday;43;False;False;0
2023-03-16;2023;March;Thursday;59;False;False;0
2023-03-17;2023;March;Friday;104;False;False;0
2023-03-18;2023;March;Saturday;188;False;False;0
2023-03-19;2023;March;Sunday;215;False;False;0
2023-03-20;2023;March;Monday;0;False;True;0
2023-03-21;2023;March;Tuesday;0;False;True;0
2023-03-22;2023;March;Wednesday;30;False;False;0
2023-03-23;2023;March;Thursday;51;False;False;0
2023-03-24;2023;March;Friday;92;False;False;0
2023-03-25;2023;March;Saturday;194;False;False;0
2023-03-26;2023;March;Sunday;209;False;False;0
2023-03-27;2023;March;Monday;0;False;True;0
2023-03-28;2023;March;Tuesday;0;False;True;0
2023-03-29;2023;March;Wednesday;46;False;False;0
2023-03-30;2023;March;Thursday;56;False;False;0
2023-03-31;2023;March;Friday;89;False;False;0
2023-04-01;2023;April;Saturday;207;False;False;0
2023-04-02;2023;April;Sunday;209;False;False;0
2023-04-03;2023;April;Monday;0;False;True;0
2023-04-04;2023;April;Tuesday;0;False;True;0
2023-04-05;2023;April;Wednesday;33;False;False;0
2023-04-06;2023;April;Thursday;36;False;False;0
2023-04-07;2023;April;Friday;82;False;False;0
2023-04-08;2023;April;Saturday;199;False;False;0
2023-04-09;2023;April;Sunday;169;True;False;0
2023-04-10;2023;April;Monday;150;True;False;0
2023-04-11;2023;April;Tuesday;0;False;True;0
2023-04-12;2023;April;Wednesday;37;False;False;0
2023-04-13;2023;April;Thursday;36;False;False;0
2023-04-14;2023;April;Friday;73;False;False;0
2023-04-15;2023;April;Saturday;198;False;False;0
2023-04-16;2023;April;Sunday;184;False;False;0
2023-04-17;2023;April;Monday;0;False;True;0
2023-04-18;2023;April;Tuesday;0;False;True;0
2023-04-19;2023;April;Wednesday;52;False;False;0
2023-04-20;2023;April;Thursday;41;False;False;0
2023-04-21;2023;April;Friday;74;False;False;0
2023-04-22;2023;April;Saturday;209;False;False;0
2023-04-23;2023;April;Sunday;208;False;False;0
2023-04-24;2023;April;Monday;0;False;True;0
2023-04-25;2023;April;Tuesday;70;True;False;0
2023-04-26;2023;April;Wednesday;45;False;False;0
2023-04-27;2023;April;Thursday;35;False;False;0
2023-04-28;2023;April;Friday;81;False;False;0
2023-04-29;2023;April;Saturday;181;False;False;0
2023-04-30;2023;April;Sunday;180;False;False;0
2023-05-01;2023;May;Monday;71;True;False;0
2023-05-02;2023;May;Tuesday;0;False;True;0
2023-05-03;2023;May;Wednesday;33;False;False;0
2023-05-04;2023;May;Thursday;44;False;False;0
2023-05-05;2023;May;Friday;100;False;False;0
2023-05-06;2023;May;Saturday;213;False;False;0
2023-05-07;2023;May;Sunday;198;False;False;0
2023-05-08;2023;May;Monday;0;False;True;0
2023-05-09;2023;May;Tuesday;0;False;True;0
2023-05-10;2023;May;Wednesday;42;False;False;0
2023-05-11;2023;May;Thursday;35;False;False;0
2023-05-12;2023;May;Friday;110;False;False;0
2023-05-13;2023;May;Saturday;213;False;False;0
2023-05-14;2023;May;Sunday;189;False;False;0
2023-05-15;2023;May;Monday;0;False;True;0
2023-05-16;2023;May;Tuesday;0;False;True;0
2023-05-17;2023;May;Wednesday;60;False;False;0
2023-05-18;2023;May;Thursday;42;False;False;0
2023-05-19;2023;May;Friday;100;False;False;0
2023-05-20;2023;May;Saturday;187;False;False;0
2023-05-21;2023;May;Sunday;213;False;False;0
2023-05-22;2023;May;Monday;0;False;True;0
2023-05-23;2023;May;Tuesday;0;False;True;0
2023-05-24;2023;May;Wednesday;56;False;False;0
2023-05-25;2023;May;Thursday;45;False;False;0
2023-05-26;2023;May;Friday;74;False;False;0
2023-05-27;2023;May;Saturday;217;False;False;0
2023-05-28;2023;May;Sunday;198;False;False;0
2023-05-29;2023;May;Monday;0;False;True;0
2023-05-30;2023;May;Tuesday;0;False;True;0
2023-05-31;2023;May;Wednesday;36;False;False;0
2023-06-01;2023;June;Thursday;55;False;False;0
2023-06-02;2023;June;Friday;140;True;False;0
2023-06-03;2023;June;Saturday;201;False;False;0
2023-06-04;2023;June;Sunday;181;False;False;0
2023-06-05;2023;June;Monday;0;False;True;0
2023-06-06;2023;June;Tuesday;0;False;True;0
2023-06-07;2023;June;Wednesday;0;False;True;0
2023-06-08;2023;June;Thursday;0;False;True;0
2023-06-09;2023;June;Friday;97;False;False;0
2023-06-10;2023;June;Saturday;230;False;False;0
2023-06-11;2023;June;Sunday;227;False;False;0
2023-06-12;2023;June;Monday;0;False;True;0
2023-06-13;2023;June;Tuesday;0;False;True;0
2023-06-14;2023;June;Wednesday;69;False;False;0
2023-06-15;2023;June;Thursday;61;False;False;0
2023-06-16;2023;June;Friday;90;False;False;0
2023-06-17;2023;June;Saturday;211;False;False;0
2023-06-18;2023;June;Sunday;218;False;False;0
2023-06-19;2023;June;Monday;0;False;True;0
2023-06-20;2023;June;Tuesday;0;False;True;0
2023-06-21;2023;June;Wednesday;52;False;False;0
2023-06-22;2023;June;Thursday;52;False;False;0
2023-06-23;2023;June;Friday;107;False;False;0
2023-06-24;2023;June;Saturday;206;False;False;0
2023-06-25;2023;June;Sunday;214;False;False;0
2023-06-26;2023;June;Monday;0;False;True;0
2023-06-27;2023;June;Tuesday;0;False;True;0
2023-06-28;2023;June;Wednesday;61;False;False;0
2023-06-29;2023;June;Thursday;65;False;False;0
2023-06-30;2023;June;Friday;114;False;False;0
2023-07-01;2023;July;Saturday;248;False;False;0
2023-07-02;2023;July;Sunday;207;False;False;0
2023-07-03;2023;July;Monday;0;False;True;0
2023-07-04;2023;July;Tuesday;0;False;True;0
2023-07-05;2023;July;Wednesday;67;False;False;0
2023-07-06;2023;July;Thursday;67;False;False;0
2023-07-07;2023;July;Friday;131;False;False;0
2023-07-08;2023;July;Saturday;225;False;False;0
2023-07-09;2023;July;Sunday;220;False;False;0
2023-07-10;2023;July;Monday;0;False;True;0
2023-07-11;2023;July;Tuesday;0;False;True;0
2023-07-12;2023;July;Wednesday;72;False;False;0
2023-07-13;2023;July;Thursday;69;False;False;0
2023-07-14;2023;July;Friday;119;False;False;0
2023-07-15;2023;July;Saturday;250;False;False;0
2023-07-16;2023;July;Sunday;224;False;False;0
2023-07-17;2023;July;Monday;0;False;True;0
2023-07-18;2023;July;Tuesday;0;False;True;0
2023-07-19;2023;July;Wednesday;81;False;False;0
2023-07-20;2023;July;Thursday;76;False;False;0
2023-07-21;2023;July;Friday;126;False;False;0
2023-07-22;2023;July;Saturday;221;False;False;0
2023-07-23;2023;July;Sunday;216;False;False;0
2023-07-24;2023;July;Monday;0;False;True;0
2023-07-25;2023;July;Tuesday;0;False;True;0
2023-07-26;2023;July;Wednesday;69;False;False;0
2023-07-27;2023;July;Thursday;77;False;False;0
2023-07-28;2023;July;Friday;109;False;False;0
2023-07-29;2023;July;Saturday;230;False;False;0
2023-07-30;2023;July;Sunday;213;False;False;0
2023-07-31;2023;July;Monday;0;False;True;0
2023-08-01;2023;August;Tuesday;0;False;True;0
2023-08-02;2023;August;Wednesday;96;False;False;0
2023-08-03;2023;August;Thursday;71;False;False;0
2023-08-04;2023;August;Friday;119;False;False;0
2023-08-05;2023;August;Saturday;262;False;False;0
2023-08-06;2023;August;Sunday;256;False;False;0
2023-08-07;2023;August;Monday;0;False;True;0
2023-08-08;2023;August;Tuesday;0;False;True;0
2023-08-09;2023;August;Wednesday;71;False;False;0
2023-08-10;2023;August;Thursday;72;False;False;0
2023-08-11;2023;August;Friday;148;False;False;0
2023-08-12;2023;August;Saturday;233;False;False;0
2023-08-13;2023;August;Sunday;246;False;False;0
2023-08-14;2023;August;Monday;0;False;True;0
2023-08-15;2023;August;Tuesday;169;True;False;0
2023-08-16;2023;August;Wednesday;68;False;False;4
2023-08-17;2023;August;Thursday;65;False;False;4
2023-08-18;2023;August;Friday;121;False;False;4
2023-08-19;2023;August;Saturday;243;False;False;4
2023-08-20;2023;August;Sunday;244;False;False;4
2023-08-21;2023;August;Monday;0;False;True;4
2023-08-22;2023;August;Tuesday;0;False;True;4
2023-08-23;2023;August;Wednesday;68;False;False;4
2023-08-24;2023;August;Thursday;94;False;False;4
2023-08-25;2023;August;Friday;143;False;False;4
2023-08-26;2023;August;Saturday;213;False;False;4
2023-08-27;2023;August;Sunday;236;False;False;4
2023-08-28;2023;August;Monday;0;False;True;4
2023-08-29;2023;August;Tuesday;0;False;True;4
2023-08-30;2023;August;Wednesday;99;False;False;4
2023-08-31;2023;August;Thursday;84;False;False;0
2023-09-01;2023;September;Friday;103;False;False;0
2023-09-02;2023;September;Saturday;184;False;False;0
2023-09-03;2023;September;Sunday;218;False;False;0
2023-09-04;2023;September;Monday;0;False;True;0
2023-09-05;2023;September;Tuesday;0;False;True;0
2023-09-06;2023;September;Wednesday;38;False;False;0
2023-09-07;2023;September;Thursday;44;False;False;0
2023-09-08;2023;September;Friday;76;False;False;0
2023-09-09;2023;September;Saturday;181;False;False;0
2023-09-10;2023;September;Sunday;196;False;False;0
2023-09-11;2023;September;Monday;0;False;True;0
2023-09-12;2023;September;Tuesday;0;False;True;0
2023-09-13;2023;September;Wednesday;45;False;False;0
2023-09-14;2023;September;Thursday;51;False;False;0
2023-09-15;2023;September;Friday;98;False;False;0
2023-09-16;2023;September;Saturday;219;False;False;0
2023-09-17;2023;September;Sunday;189;False;False;0
2023-09-18;2023;September;Monday;0;False;True;0
2023-09-19;2023;September;Tuesday;0;False;True;0
2023-09-20;2023;September;Wednesday;33;False;False;0
2023-09-21;2023;September;Thursday;35;False;False;0
2023-09-22;2023;September;Friday;71;False;False;0
2023-09-23;2023;September;Saturday;185;False;False;0
2023-09-24;2023;September;Sunday;204;False;False;0
2023-09-25;2023;September;Monday;0;False;True;0
2023-09-26;2023;September;Tuesday;0;False;True;0
2023-09-27;2023;September;Wednesday;57;False;False;0
2023-09-28;2023;September;Thursday;30;False;False;0
2023-09-29;2023;September;Friday;103;False;False;0
2023-09-30;2023;September;Saturday;218;False;False;0
2023-10-01;2023;October;Sunday;204;False;False;0
2023-10-02;2023;October;Monday;0;False;True;0
2023-10-03;2023;October;Tuesday;0;False;True;0
2023-10-04;2023;October;Wednesday;36;False;False;0
2023-10-05;2023;October;Thursday;30;False;False;0
2023-10-06;2023;October;Friday;113;False;False;0
2023-10-07;2023;October;Saturday;200;False;False;0
2023-10-08;2023;October;Sunday;198;False;False;0
2023-10-09;2023;October;Monday;0;False;True;0
2023-10-10;2023;October;Tuesday;0;False;True;0
2023-10-11;2023;October;Wednesday;49;False;False;0
2023-10-12;2023;October;Thursday;46;False;False;0
2023-10-13;2023;October;Friday;70;False;False;0
2023-10-14;2023;October;Saturday;191;False;False;0
2023-10-15;2023;October;Sunday;193;False;False;0
2023-10-16;2023;October;Monday;0;False;True;0
2023-10-17;2023;October;Tuesday;0;False;True;0
2023-10-18;2023;October;Wednesday;43;False;False;0
2023-10-19;2023;October;Thursday;30;False;False;0
2023-10-20;2023;October;Friday;113;False;False;0
2023-10-21;2023;October;Saturday;197;False;False;0
2023-10-22;2023;October;Sunday;190;False;False;0
2023-10-23;2023;October;Monday;0;False;True;0
2023-10-24;2023;October;Tuesday;0;False;True;0
2023-10-25;2023;October;Wednesday;35;False;False;0
2023-10-26;2023;October;Thursday;39;False;False;0
2023-10-27;2023;October;Friday;115;False;False;0
2023-10-28;2023;October;Saturday;194;False;False;0
2023-10-29;2023;October;Sunday;204;False;False;0
2023-10-30;2023;October;Monday;0;False;True;0
2023-10-31;2023;October;Tuesday;0;False;True;0
2023-11-01;2023;November;Wednesday;105;True;False;0
2023-11-02;2023;November;Thursday;44;False;False;0
2023-11-03;2023;November;Friday;89;False;False;0
2023-11-04;2023;November;Saturday;183;False;False;0
2023-11-05;2023;November;Sunday;198;False;False;0
2023-11-06;2023;November;Monday;0;False;True;0
2023-11-07;2023;November;Tuesday;0;False;True;0
2023-11-08;2023;November;Wednesday;57;False;False;0
2023-11-09;2023;November;Thursday;58;False;False;0
2023-11-10;2023;November;Friday;84;False;False;0
2023-11-11;2023;November;Saturday;208;False;False;0
2023-11-12;2023;November;Sunday;187;False;False;0
2023-11-13;2023;November;Monday;0;False;True;0
2023-11-14;2023;November;Tuesday;0;False;True;0
2023-11-15;2023;November;Wednesday;32;False;False;0
2023-11-16;2023;November;Thursday;52;False;False;0
2023-11-17;2023;November;Friday;96;False;False;0
2023-11-18;2023;November;Saturday;190;False;False;0
2023-11-19;2023;November;Sunday;202;False;False;0
2023-11-20;2023;November;Monday;0;False;True;0
2023-11-21;2023;November;Tuesday;0;False;True;0
2023-11-22;2023;November;Wednesday;51;False;False;0
2023-11-23;2023;November;Thursday;54;False;False;0
2023-11-24;2023;November;Friday;103;False;False;0
2023-11-25;2023;November;Saturday;204;False;False;0
2023-11-26;2023;November;Sunday;201;False;False;0
2023-11-27;2023;November;Monday;0;False;True;0
2023-11-28;2023;November;Tuesday;0;False;True;0
2023-11-29;2023;November;Wednesday;60;False;False;0
2023-11-30;2023;November;Thursday;53;False;False;0
2023-12-01;2023;December;Friday;132;False;False;0
2023-12-02;2023;December;Saturday;259;False;False;0
2023-12-03;2023;December;Sunday;238;False;False;0
2023-12-04;2023;December;Monday;0;False;True;0
2023-12-05;2023;December;Tuesday;0;False;True;0
2023-12-06;2023;December;Wednesday;73;False;False;0
2023-12-07;2023;December;Thursday;75;False;False;0
2023-12-08;2023;December;Friday;159;True;False;0
2023-12-09;2023;December;Saturday;259;False;False;0
2023-12-10;2023;December;Sunday;241;False;False;0
2023-12-11;2023;December;Monday;0;False;True;0
2023-12-12;2023;December;Tuesday;0;False;True;0
2023-12-13;2023;December;Wednesday;95;False;False;0
2023-12-14;2023;December;Thursday;67;False;False;0
2023-12-15;2023;December;Friday;127;False;False;0
2023-12-16;2023;December;Saturday;232;False;False;0
2023-12-17;2023;December;Sunday;269;False;False;0
2023-12-18;2023;December;Monday;0;False;True;0
2023-12-19;2023;December;Tuesday;0;False;True;0
2023-12-20;2023;December;Wednesday;100;False;False;0
2023-12-21;2023;December;Thursday;99;False;False;0
2023-12-22;2023;December;Friday;141;False;False;0
2023-12-23;2023;December;Saturday;247;False;False;0
2023-12-24;2023;December;Sunday;186;True;False;0
2023-12-25;2023;December;Monday;173;True;False;0
2023-12-26;2023;December;Tuesday;154;True;False;0
2023-12-27;2023;December;Wednesday;75;False;False;0
2023-12-28;2023;December;Thursday;86;False;False;0
2023-12-29;2023;December;Friday;103;False;False;0
2023-12-30;2023;December;Saturday;210;False;False;0
2023-12-31;2023;December;Sunday;229;True;False;0